sku,name,vendor,category,status,description,material,color,price,currency,lead_time,country_of_origin,image_url_1,image_url_2,image_url_3,source_url,created_at,updated_at
3170002,Wind Chime Matte Ivory,Fabricut,fabric,APPROVED,"Wind Chime Matte Ivory is a high-end contemporary fabric from S. Harris, featuring an exclusive pattern. It is made of 100% linen and is suitable for bedding, drapery, and multipurpose uses. The fabric is reversible and dry clean only, with a large scale abstract print pattern.",100% Linen,"Linen, Off White / Ivory",,,,Italy,https://s3.amazonaws.com/fabricut.img/img/product_images/2505102.jpg,https://s3.amazonaws.com/fabricut.img/img/product_images/thumbnails/2505101.jpg,,https://fabricut.com/sharris/fabric/3170002/wind-chime-matte/ivory,2026-02-20T07:35:28.766466,2026-02-22T17:06:03.736028
3170202,Wind Chime Matte 02,Fabricut,fabric,APPROVED,"Wind Chime Matte 02 is a high-end contemporary fabric from S. Harris, featuring an exclusive pattern. It is made of 100% linen and is suitable for bedding, drapery, and multipurpose uses. The fabric is reversible and dry clean only, with a large scale abstract print pattern.",100% Linen,"Linen, Off White / Ivory",,,,Italy,https://s3.amazonaws.com/fabricut.img/img/product_images/2505102.jpg,https://s3.amazonaws.com/fabricut.img/img/product_images/thumbnails/2505101.jpg,,https://fabricut.com/sharris/fabric/3170202/wind-chime-matte/02,2026-02-20T07:35:34.083568,2026-02-22T17:06:03.736029
2505302,Wind Chime 02,Fabricut,fabric,APPROVED,"Wind Chime 02 is a high-end contemporary fabric from S. Harris, featuring an exclusive print pattern. Made from 100% linen, it is suitable for bedding, drapery, and multipurpose uses. The fabric is reversible and dry clean only, with a large scale abstract design in linen and off white/ivory colors. It exceeds 51,000 double rubs, ensuring durability.",100% Linen,"Linen, Off White / Ivory",,,,Italy,https://s3.amazonaws.com/fabricut.img/img/product_images/2505102.jpg,https://s3.amazonaws.com/fabricut.img/img%2Fproduct_images%2Fsecondary_images%2F2505102.jpg,https://s3.amazonaws.com/fabricut.img/img%2Fproduct_images%2Fsecondary_images%2F2505102_stylized_secondary.jpg,https://fabricut.com/sharris/fabric/2505302/wind-chime/02,2026-02-20T07:35:39.939309,2026-02-22T17:06:03.736009
2505102,Wind Chime Ivory,Fabricut,fabric,APPROVED,"Wind Chime Ivory is a high-end contemporary fabric from S. Harris, featuring an exclusive print pattern. It is made of 100% linen and is suitable for bedding, drapery, and multipurpose uses. The fabric is reversible and dry clean only, with a large scale abstract design in linen and off white/ivory colors. It exceeds 51,000 double rubs, ensuring durability.",100% Linen,"Linen, Off White / Ivory",,,,Italy,https://s3.amazonaws.com/fabricut.img/img/product_images/2505102.jpg,https://s3.amazonaws.com/fabricut.img/img%2Fproduct_images%2Fsecondary_images%2F2505102.jpg,https://s3.amazonaws.com/fabricut.img/img%2Fproduct_images%2Fsecondary_images%2F2505102_stylized_secondary.jpg,https://fabricut.com/sharris/fabric/2505102/wind-chime/ivory,2026-02-20T07:35:46.590098,2026-02-22T17:06:03.736007
ADR OTTO,Adrian Ottoman,Verellen,furniture,APPROVED,"A versatile piece perfect for propping up your feet, extra seating, or even as a chic coffee table alternative, adding a touch of cozy luxury and playful style to any room!",Fabric and Leather options available,Various colors available,,,,,https://magento.verellen.biz/media/catalog/product/cache/9f66459db7ab372346dc97d6353b7655/A/D/ADR0409_adrian66x24ottoman_crystalivory_Main_1.jpg,https:///magento.verellen.biz/media/catalog/product/A/D/ADR0431_adrian72x32ottoman_pastellinen0006_G6_1.jpg,https:///magento.verellen.biz/media/catalog/product/A/D/ADR0417_adrian92x24ottoman_milmanatural_G7_1.jpg,https://verellen.biz/adrian-ottoman-adr-otto,2026-02-20T09:47:27.345841,2026-02-22T14:22:59.032268
VER-FUR-37AF0949,Aimee Bed,Verellen,furniture,APPROVED,Our Aimee Bed offers a simple silhouette with a low profile. Available upholstered or slipcovered to suit your style.,Upholstered or Slipcovered,,,,,,https://magento.verellen.biz/media/catalog/product/cache/9f66459db7ab372346dc97d6353b7655/A/I/AIM7003_aimeekingbed_ameliabisque_Main.jpg,https:///magento.verellen.biz/media/catalog/product/A/I/AIM7002_aimeequeenbed_tumbledlinendkgrey_G2_1_1.jpg,https:///magento.verellen.biz/media/catalog/product/A/I/AIM7002_aimeequeenbed_tumbledlinendkgrey_G3.jpg,https://verellen.biz/aimee-bed-aim-bed,2026-02-20T09:47:48.815905,2026-02-22T16:32:21.772654
AME 0521,Amelie Armless Dining Chair,Verellen,furniture,APPROVED,"The Amelie Armless Dining Chair exudes elegance with its sleek, high back, gracefully contoured silhouette, and perfectly cushioned seat, offering a sophisticated and comfortable dining experience.",Fabric or Leather,Varies due to natural characteristics,,,,,https://magento.verellen.biz/media/catalog/product/cache/9f66459db7ab372346dc97d6353b7655/A/M/AME0521_ameliediningchair_adagiopolvere_Main_3.jpg,,,https://verellen.biz/amelie-armless-dining-chair-ame-0521,2026-02-20T09:48:11.175028,2026-02-21T13:55:15.259046
AME BANQ,Amelie Banquette,Verellen,furniture,APPROVED,"An extended version of the Amelie Dining Chair, the Amelie Banquette captivates with its high, gracefully curved backrest, elegant winged sides, and inviting seat.",Fabric or Leather,Varies due to natural characteristics,,,,,https://magento.verellen.biz/media/catalog/product/cache/9f66459db7ab372346dc97d6353b7655/A/I/AIM7003_aimeekingbed_ameliabisque_Main.jpg,https://magento.verellen.biz/media/catalog/product/A/I/AIM7003_aimeekingbed_ameliabisque_G1.jpg,,https://verellen.biz/amelie-banquette-ame-banq,2026-02-20T09:48:38.534596,2026-02-20T09:50:45.668588
AME CNR BANQ,Amelie Corner Banquette,Verellen,furniture,APPROVED,"The Amelie Corner Banquette is a sophisticated piece of furniture designed for comfort and style. It features a variety of size options and is available in curated fabric and leather collections. Enhance your piece with in-house water-based finishes, offering unique variations in color and grain.",Fabric and Leather options available,Varies with fabric and leather selection,,,,,https://magento.verellen.biz/media/catalog/product/cache/9f66459db7ab372346dc97d6353b7655/A/M/AMECNRBANQ_ameliecornerbanquette_sonomasmoke_Main.jpg,https:///magento.verellen.biz/media/catalog/product/A/M/AME2535_amelie86rafbanquettereturn_sonomasmoke_G4_1.jpg,https:///magento.verellen.biz/media/catalog/product/A/M/AME2534_amelie86lafbanquettereturn_sonomasmoke_G6_1.jpg,https://verellen.biz/amelie-corner-banquette-ame-cnr-banq,2026-02-20T09:49:08.556316,2026-02-22T14:23:50.021900
ART ROCK,Arthur Rocker,Verellen,furniture,APPROVED,"The Arthur Rocker blends modern elegance with organic flow. Its tight seat and back offer a tailored, clean profile, while the chair's gentle rocking motion and durable construction make it both a stylish and functional statement piece. Available with carefully sculpted exposed wood arms in an open-frame design or a minimalist armless design featuring a solid hardwood rocking base.",Solid hardwood,,,,,,https://magento.verellen.biz/media/catalog/product/cache/9f66459db7ab372346dc97d6353b7655/A/R/ART1022_arthurrocker_weatonlinen_Main.jpg,https:///magento.verellen.biz/media/catalog/product/A/R/ART1023_arthurrocker_weatonlinen_Hover.jpg,https:///magento.verellen.biz/media/catalog/product/A/R/ART1022_arthurrocker_takobeige_loam_G1_1.jpg,https://verellen.biz/arthur-rocker-art-rock,2026-02-20T09:49:33.772637,2026-02-22T14:33:11.573240
BRI COFFEE,Brisbane Coffee Table,Verellen,furniture,APPROVED,"The Brisbane Coffee Table is part of an architectural series where vertical and horizontal planes, voids and solids have a rhythmic and playful conversation.",solid hardwood,unique variations in color,,,,,https://magento.verellen.biz/media/catalog/product/cache/9f66459db7ab372346dc97d6353b7655/B/R/BRI81040_brisbane48coffeetable_fumedash_Main_2.jpg,https:///magento.verellen.biz/media/catalog/product/B/R/BRI81040_brisbane48coffeetable_deadflatwalnut_G5_1.jpg,https:///magento.verellen.biz/media/catalog/product/B/R/BRI8105_brisbane60coffeetable_deadflatwalnut_G6_1.jpg,https://verellen.biz/brisbane-coffee-table-bri-coffee,2026-02-20T09:49:57.960709,2026-02-22T15:09:19.313845
BRI CONSOLE,Brisbane Console,Verellen,furniture,APPROVED,"The Brisbane Console is part of an architectural series where vertical and horizontal planes, voids and solids have a rhythmic and playful conversation.",solid hardwood,dead flat walnut,,,,,https://magento.verellen.biz/media/catalog/product/cache/9f66459db7ab372346dc97d6353b7655/B/R/BRI83340_brisbane96console_deadflatwalnut_Main_3.jpg,https:///magento.verellen.biz/media/catalog/product/B/R/BRI83310_brisbane84consoletable_deadflatwalnut_Hover.jpg,https:///magento.verellen.biz/media/catalog/product/B/R/BRI8325_brisbane72consoletable_deadflatwalnut_G1_1.jpg,https://verellen.biz/brisbane-console-bri-console,2026-02-20T09:50:21.046373,2026-02-22T15:13:44.260343
BRI DESK,Brisbane Desk,Verellen,furniture,APPROVED,"The Brisbane Desk is part of an architectural series where vertical and horizontal planes, voids and solids have a rhythmic and playful conversation.",solid hardwood,dead flat walnut,,,,,https://magento.verellen.biz/media/catalog/product/cache/9f66459db7ab372346dc97d6353b7655/B/R/BRI82371_brisbanelfdesk_deadflatwalnut_Main_1.jpg,https:///magento.verellen.biz/media/catalog/product/B/R/BRI82370_brisbanerfdesk_deadflatwalnut_G1_1.jpg,https:///magento.verellen.biz/media/catalog/product/B/R/BRI82371_brisbanelfdesk_deadflatwalnut_G4_1.jpg,https://verellen.biz/brisbane-desk-bri-desk,2026-02-20T09:50:45.031519,2026-02-22T15:24:37.968087
BRI SIDE,Brisbane Side Table,Verellen,furniture,APPROVED,"An architectural side table where vertical and horizontal planes, voids and solids have a rhythmic and playful conversation. Available in Ash or Walnut, round or rectangle.",Ash or Walnut,,,,,North Carolina,https://magento.verellen.biz/media/catalog/product/cache/9f66459db7ab372346dc97d6353b7655/B/R/BRI82191_brisbane35leftsidetable_deadflatwalnut_Main.jpg,https:///magento.verellen.biz/media/catalog/product/B/R/BRI82190_brisbane35rightsidetable_deadflatwalnut_G3_1.jpg,https:///magento.verellen.biz/media/catalog/product/B/R/BRI82190_brisbane35rightsidetable_deadflatwalnut_G4_1.jpg,https://verellen.biz/brisbane-side-table-bri-side,2026-02-20T09:51:07.631150,2026-02-22T15:29:09.943688
CHL BENCH,Charlie Bench,Verellen,furniture,APPROVED,"Meet the Charlie Bench, a sleek, modern piece with a plush, inviting seat and clean lines that make it perfect for adding a touch of contemporary fun and versatile seating to any room.",,,,,,,https://magento.verellen.biz/media/catalog/product/cache/9f66459db7ab372346dc97d6353b7655/C/H/CHL2050_charlie72bench_nobucktan_Main_1.jpg,https://magento.verellen.biz/media/catalog/product/cache/9f66459db7ab372346dc97d6353b7655/C/H/CHL1050_charlie48bench_lightexotic_G1_1.jpg,https://magento.verellen.biz/media/catalog/product/cache/9f66459db7ab372346dc97d6353b7655/C/H/CHL1050_charlie48bench_groveivory_G2_1.jpg,https://verellen.biz/charlie-bench-chl-bench,2026-02-20T09:51:30.385749,2026-02-22T15:39:42.250198
CHA 1000,Charlotte Chair,Verellen,furniture,APPROVED,Our classic piece that gains elegance and relevance with a new minimal base.,Solid hardwood,Harvest Linen Rust,,,,,https://magento.verellen.biz/media/catalog/product/cache/9f66459db7ab372346dc97d6353b7655/C/H/CHA1000_charlottechair_harvestlinenrust_Main_1.jpg,https://magento.verellen.biz/media/wysiwyg/FabricsImage_II_1__1.jpg,https://magento.verellen.biz/media/wysiwyg/FinishesImage_II_1.jpg,https://verellen.biz/charlotte-chair-cha-1000,2026-02-20T09:51:53.238357,2026-02-22T16:35:45.525126
CHA 0512,Charlotte Swivel Club Chair,Verellen,furniture,APPROVED,"The Charlotte Swivel Club Chair is characterized by its classic armrest, minimal swivel base, and tight seat and back configuration.",,,,,,,https://magento.verellen.biz/media/catalog/product/cache/9f66459db7ab372346dc97d6353b7655/C/H/CHA0512_charlotteswivelclubchair_allureunitodesert_Main_2.jpg,https://magento.verellen.biz/media/wysiwyg/FabricsImage_II_1__1.jpg,https://magento.verellen.biz/media/catalog/product/cache/9f66459db7ab372346dc97d6353b7655/C/A/CAM1000_camillechair_tumbledlinenflax_Main_2.jpg,https://verellen.biz/charlotte-swivel-club-chair-cha-0512,2026-02-20T09:52:15.079861,2026-02-22T16:35:12.843583
CLO CHAISE,Chloe Chaise,Verellen,furniture,APPROVED,"The Chloe Chaise carries the same playful curves and slightly angled arm as the sofa, offering a unique silhouette. With its plush, tight seat and back, this chaise combines bold, modern design with luxurious comfort, making it a perfect statement piece for lounging in style.",Fabric,,,,,,https://magento.verellen.biz/media/catalog/product/cache/9f66459db7ab372346dc97d6353b7655/C/L/CLO5012_chloerafchaise_doodlepanno_Main_1.jpg,https:///magento.verellen.biz/media/catalog/product/C/L/CLO5000_chloechaise_kenzostraw_G1.jpg,https:///magento.verellen.biz/media/catalog/product/C/L/CLO5013_chloelafchaise_doodlepanno_G2.jpg,https://verellen.biz/chloe-chaise-clo-chaise,2026-02-20T09:52:39.806882,2026-02-22T16:34:44.474275
COM 9010,Como Floor Lamp,Verellen,furniture,APPROVED,"A beautifully curved wooden base and a chic fabric shade, perfect for adding a touch of modern sophistication and warm ambiance to any room!","wooden base, fabric shade","natural variations in color, grain, and banding",,,,,https://magento.verellen.biz/media/catalog/product/cache/9f66459db7ab372346dc97d6353b7655/C/O/COM9010_comofloorlamp_deadflatwalnut_Main_1.jpg,https:///magento.verellen.biz/media/catalog/product/C/O/COM9010_comofloorlamp_fumedash_Hover_1.jpg,https:///magento.verellen.biz/media/catalog/product/C/O/COM9010_comofloorlamp_wengeash_G1_1.jpg,https://verellen.biz/como-floor-lamp-com-9010,2026-02-20T09:53:05.423577,2026-02-22T16:33:09.873042
COM 9020,Como Table Lamp,Verellen,furniture,APPROVED,"A beautifully curved wooden base and a chic fabric shade, perfect for adding a touch of modern sophistication and warm ambiance to any room!","wooden base, fabric shade","natural variations in color, grain, and banding",,,,,https://magento.verellen.biz/media/catalog/product/cache/9f66459db7ab372346dc97d6353b7655/C/O/COM9020_comotablelamp_walnutclearsatin_Main_1.jpg,https://magento.verellen.biz/media/wysiwyg/FinishesImage_II_1.jpg,https://magento.verellen.biz/media/catalog/product/cache/9f66459db7ab372346dc97d6353b7655/B/E/BER9020_bergamotablelamp_deadflatwalnut_Main.jpg,https://verellen.biz/como-table-lamp-com-9020,2026-02-20T09:53:26.795650,2026-02-22T16:31:43.963395
COS 0500,Cosmo Club Chair,Verellen,furniture,APPROVED,"The Cosmo Chair features a modern, sculpted design with a generously supportive yet soft back and seat, all supported by a sleek, solid wooden frame.",solid wooden frame,,,,,,https://magento.verellen.biz/media/catalog/product/cache/9f66459db7ab372346dc97d6353b7655/C/O/COS0500_cosmoclubchair_braemarcamel_deadflatwalnut_Main_1.jpg,https:///magento.verellen.biz/media/catalog/product/C/O/COS0500_cosmoclubchair_braemarcamel_deadflatwalnut_G2_1.jpg,https:///magento.verellen.biz/media/catalog/product/C/O/COS0500_cosmoclubchair_braemarcamel_deadflatwalnut_G3_1.jpg,https://verellen.biz/cosmo-club-chair-cos-0500,2026-02-20T09:53:50.748163,2026-02-22T16:10:21.535261
COU 1022,Courtney Rocker,Verellen,furniture,APPROVED,"The Courtney Rocker features gracefully sloped arms, a supportive high back, and a loose seat cushion, all mounted on elegant wooden rockers.","Wood, Fabric",Unique variations due to natural characteristics,,,,,https://magento.verellen.biz/media/catalog/product/cache/9f66459db7ab372346dc97d6353b7655/C/O/COU1022_courtneyrocker_berberlinennatural_Main_2.jpg,https:///magento.verellen.biz/media/catalog/product/C/O/COU1022_courtneyrocker_dodopebble_Hover_1.jpg,https://magento.verellen.biz/media/wysiwyg/FabricsImage_II_1__1.jpg,https://verellen.biz/courtney-rocker-cou-1022,2026-02-20T09:54:13.649071,2026-02-22T16:03:08.734532
VER-FUR-39E64376,Crew Bed,Verellen,furniture,APPROVED,"The Crew Bed is available in various sizes with options for low or tall headboards. It features a sturdy construction and is part of Verellen's curated collection. The bed is designed to offer both style and comfort, with a range of fabric options available for upholstery.",Fabric,Mephisto Tobacco,,,,,https://magento.verellen.biz/media/catalog/product/cache/9f66459db7ab372346dc97d6353b7655/C/R/CRW7003_crewkingbed_mephisturtabacco_Main.jpg,https:///magento.verellen.biz/media/catalog/product/C/R/CRW7003_crewkingbed_mephisturtabacco_G2.jpg,https:///magento.verellen.biz/media/catalog/product/C/R/CRW7003_crewkingbed_mephisturtabacco_G3.jpg,https://verellen.biz/crew-bed-crw-bed,2026-02-20T09:54:37.066770,2026-02-22T15:22:24.044451
CRW SECT,Crew Sectional,Verellen,furniture,APPROVED,"The Crew Sectional extends an invitation to unwind, with modular pieces that wrap you in comfort. Thoughtfully designed with divided backs and soft, generous proportions, each configuration offers a relaxed elegance that adapts effortlessly to your space. From intimate corners to expansive lounges, Crew brings warmth, harmony, and effortless style to every setting.",,,,,,,https://magento.verellen.biz/media/catalog/product/cache/9f66459db7ab372346dc97d6353b7655/C/R/CRWSECT_crewlafxl_chaisehalf_fidatapebble_Main.jpg,https:///magento.verellen.biz/media/catalog/product/C/R/CRW5503_crewlafchaisehalf_kenzostraw_Hover.jpg,https:///magento.verellen.biz/media/catalog/product/C/R/CRW5002_crewrafchaise_kenzostraw_G1.jpg,https://verellen.biz/crew-sectional-crw-sect,2026-02-20T09:55:04.770830,2026-02-22T15:21:06.340957
VER-FUR-123CEAB6,Ella Bed,Verellen,furniture,APPROVED,Our Ella Bed stars elegantly in shape with tailored details and a grounded repetitive base.,Solid hardwood,Natural,,,,,https://magento.verellen.biz/media/catalog/product/cache/9f66459db7ab372346dc97d6353b7655/E/L/ELL7003_ellakingbed_waleslinennatural_Main_1.jpg,https:///magento.verellen.biz/media/catalog/product/E/L/ELL7003_ellakingbed_berbernatural_Hover_1.jpg,https:///magento.verellen.biz/media/catalog/product/E/L/ELL7003_ellakingbed_berbernatural_G1_1.jpg,https://verellen.biz/ella-bed-ell-bed,2026-02-20T09:55:26.067102,2026-02-22T15:17:22.747657
ELL OTTO,Ella Ottoman,Verellen,furniture,APPROVED,"Our Ella Ottoman stars elegantly in shape, with tailored details.","Fabric, Leather, Solid Hardwood",Natural variations in color and markings due to leather and hardwood characteristics.,,,,,https://magento.verellen.biz/media/catalog/product/cache/9f66459db7ab372346dc97d6353b7655/E/L/ELL0207_ella42otto_bhalukanatural_Main_2.jpg,https://magento.verellen.biz/media/catalog/product/E/L/ELL0207_ella42otto_salutstone_Hover.jpg,https://magento.verellen.biz/media/wysiwyg/FabricsImage_II_1__1.jpg,https://verellen.biz/ella-ottoman-ell-otto,2026-02-20T09:55:49.497294,2026-02-22T15:07:46.513274
VER-FUR-79702A0D,Ella Sectional,Verellen,furniture,APPROVED,"Our Ella Sectional stars elegantly in shape, with tailored details and a grounded repetitive base.",,,,,,,https://magento.verellen.biz/media/catalog/product/cache/9f66459db7ab372346dc97d6353b7655/E/L/ELLSECT_ellasectional_bhalukanatural_Main_2.jpg,https:///magento.verellen.biz/media/catalog/product/E/L/ELL2001_ellaarmlessstraightback_bembebisdesert_G4.jpg,https:///magento.verellen.biz/media/catalog/product/E/L/ELL2001_ellaarmlessstraightback_bembebisdesert_G5.jpg,https://verellen.biz/ella-sectional-ell-sect,2026-02-20T09:56:11.966716,2026-02-22T15:06:15.163256
ELL 1012,Ella Swivel Chair,Verellen,furniture,APPROVED,"Our Ella Swivel Chair stars elegantly in shape, with tailored details and a grounded repetitive base.",,,,,,,https://magento.verellen.biz/media/catalog/product/cache/9f66459db7ab372346dc97d6353b7655/E/L/ELL1012_ellaswivelchair_highlandsnatural_Main_1.jpg,https:///magento.verellen.biz/media/catalog/product/E/L/ELL1012_ellaswivelchair_revivalparchment_Hover.jpg,https://magento.verellen.biz/media/catalog/product/e/l/ellaswivelchair_revivalparchment_web_1.jpg,https://verellen.biz/ella-swivel-chair-ell-1012,2026-02-20T09:56:33.250860,2026-02-22T14:32:39.290766
11037415,Bliss,ZR,fabric,APPROVED,"The organically abstract allover design evokes a range of associations – shimmering water droplets, the veining of a rare gemstone, or the coat of a wildcat – fluid, layered, and naturally elegant. Varying pile heights capture the light and transform it into soft tonal gradations. The result is a surface that shimmers differently from every angle – sometimes with a silky glow, sometimes with gentle depth. Available in twelve colorways, from radiant and fresh to deep and sophisticated, BLISS reveals itself as a velvet of shimmering refinement – a fabric that captures the fleeting beauty of a moment.","Ground: 100% Cotton, Pile: 100% Viscose",,,,,,https://www.zimmer-rohde.com/fileadmin/_processed_/c/d/csm_11037415_c9b368012c.jpg,https://www.zimmer-rohde.com/fileadmin/_processed_/9/d/csm_11037415_2_68258fe5f1.jpg,https://www.zimmer-rohde.com/fileadmin/_processed_/a/e/csm_11037415_3_153e93a1da.jpg,https://www.zimmer-rohde.com/en/product-finder/details/bliss-11037-415,2026-02-20T15:07:24.340492,2026-02-22T14:27:21.729082
11038664,Cedro,ZR,fabric,APPROVED,"This decorative upholstery fabric unfolds its character in a delicate balance of movement and calm. The marbled jacquard weave features a tone-on-tone pattern whose lines glide across the surface like flowing water. The interplay of voluminous bouclé yarn and a matte satin base creates a subtle relief structure that gently shapes the woven surface. Fine contour lines accentuate the moiré-like texture of the motif, bringing the visual relief clearly to life.","97% Polyester, 3% Acrylic",,,,,,https://www.zimmer-rohde.com/fileadmin/_processed_/5/f/csm_11038664_d1eafbb9d4.jpg,https://www.zimmer-rohde.com/fileadmin/_processed_/c/e/csm_11038664_2_1ddb9b1242.jpg,https://www.zimmer-rohde.com/fileadmin/_processed_/4/4/csm_11038664_3_f2b3e6fc4c.jpg,https://www.zimmer-rohde.com/en/product-finder/details/cedro-11038-664,2026-02-20T15:07:31.219979,2026-02-22T14:27:07.505813
11039894,Loggia,ZR,fabric,APPROVED,"LOGGIA plays with the idea of woven structure – clean, graphic, yet naturally appealing. With its impressive depth and embossed relief effect, the surface recalls handcrafted raffia weaving. The material demonstrates how effortlessly function and style can come together: easy to maintain, lightfast, and washable, while exuding cool elegance and tactile presence. Whether in a subtly designed salon interior or an airy spa environment, LOGGIA fits seamlessly into a wide range of settings thanks to its excellent care and performance properties. The woven look feels both modern and timeless – an upholstery fabric with architectural character that gracefully blurs the boundaries between indoors and out.","80% Polyvinyl chloride, 20% Polyester",,,,,,https://www.zimmer-rohde.com/fileadmin/_processed_/9/4/csm_11039894_8fbc309f42.jpg,https://www.zimmer-rohde.com/fileadmin/_processed_/4/0/csm_11039894_2_9c405331bd.jpg,https://www.zimmer-rohde.com/fileadmin/_processed_/b/6/csm_11039894_3_9f23602bd4.jpg,https://www.zimmer-rohde.com/en/product-finder/details/loggia-11039-894,2026-02-20T15:07:40.101399,2026-02-22T14:26:50.932079
11040884,Rythm Delight,ZR,fabric,APPROVED,"Rythm Delight is an upholstery fabric that captivates with its fascinating interplay of sheen and texture. On an elegant satin ground unfolds a delicate allover texture of matte bouclé yarn, giving the fabric depth and vibrancy. The jacquard pattern appears almost like a relief – subtle yet expressive – creating a harmonious tension between lustrous elegance and soft matte finish. Whether on a single chair or expansive upholstered surfaces, the fabric transforms every piece into a stylish statement. RYTHM DELIGHT plays charmingly with light and shadow, lending interiors a refined, distinctive presence that feels both understated and remarkable.","50% Cotton, 22% Fleece wool, 18% Polyamide, 10% Polyester",,,,,,https://www.zimmer-rohde.com/fileadmin/_processed_/e/3/csm_11040884_1d6b7af5bc.jpg,https://www.zimmer-rohde.com/fileadmin/_processed_/a/a/csm_11040884_2_344eba9667.jpg,https://www.zimmer-rohde.com/fileadmin/_processed_/9/7/csm_11040884_3_6874afb2f6.jpg,https://www.zimmer-rohde.com/en/product-finder/details/rythm-delight-11040-884,2026-02-20T15:07:47.629987,2026-02-22T14:26:36.382243
11041991,Infinity Tweed,ZR,fabric,APPROVED,"This upholstery fabric combines the grace of traditional craftsmanship with contemporary functionality. The multicolored structured flat weave evokes a lively tweed, enhanced by subtle bouclé accents that lend the surface a slightly irregular, organic texture. Coarse and fine yarns create a harmonious play of color, giving each piece of furniture its own distinctive character. Beneath its natural appearance lies a sophisticated high-tech composition: easy to care for, durable, and pleasantly soft to the touch, this fabric perfectly balances aesthetics and everyday practicality. Whether used to upholster chairs, sofas, or casual cushion arrangements, the fabric conveys the warmth of handcrafted materials while meeting modern standards. INFINITY TWEED is produced in Germany in a climate-neutral process using European-sourced yarns.","62% Acrylic, 35% Polyester (recycled), 3% Polyester",,,,,Germany,https://www.zimmer-rohde.com/fileadmin/_processed_/f/9/csm_11041991_f872aed81c.jpg,https://www.zimmer-rohde.com/fileadmin/_processed_/6/1/csm_11041991_2_23c3554b21.jpg,https://www.zimmer-rohde.com/fileadmin/_processed_/7/f/csm_11041991_3_d166a3c146.jpg,https://www.zimmer-rohde.com/en/product-finder/details/infinity-tweed-11041-991,2026-02-20T15:07:52.623387,2026-02-22T14:26:22.340497
11042886,Infinity Raya,ZR,fabric,APPROVED,"Infinity Raya is a contemporary interpretation of the classic stripe motif. Velour ribs with a fine high-low effect lend the surface of this upholstery fabric a three-dimensional depth, its contours accentuated by delicate, color-contrasting lines. The fabric combines comfort, easy care, and durability, offering excellent functional properties. It is washable, easy to clean, features outstanding lightfastness, and is suitable for allergy sufferers. Produced in Germany using European-sourced yarns, it is part of the INFINITY product family.","Ground: 84% Polyester, 16% Acrylic; Pile: 100% Acrylic",,,,,Germany,https://www.zimmer-rohde.com/fileadmin/_processed_/5/1/csm_11042886_35f717707e.jpg,https://www.zimmer-rohde.com/fileadmin/_processed_/e/6/csm_11042886_2_cc12a0f96e.jpg,https://www.zimmer-rohde.com/fileadmin/_processed_/f/3/csm_11042886_3_c1425a79a9.jpg,https://www.zimmer-rohde.com/en/product-finder/details/infinity-raya-11042-886,2026-02-20T15:08:00.518248,2026-02-22T14:26:08.162035
11043884,Bamboo,ZR,fabric,APPROVED,"Generous block stripes rest like artfully strung pearl bands upon a densely woven satin warp. The brocade-woven stripe motifs capture the light, creating a decorative interplay of matte and sheen. The fabric’s sumptuous, fluid drape lends this extravagant decorative textile a sense of luxurious opulence that enriches windows and interiors with atmosphere and depth. Whether used as a curtain, room divider, or wall covering, BAMBOO unites refined textile tradition with a feeling of modern luxury.","45% Viscose, 25% Cotton, 17% Polyester, 13% Flax (linen)",,,,,,https://www.zimmer-rohde.com/fileadmin/_processed_/1/3/csm_11043884_460448a63c.jpg,https://www.zimmer-rohde.com/fileadmin/_processed_/6/5/csm_11043884_2_31ed94f41c.jpg,https://www.zimmer-rohde.com/fileadmin/_processed_/3/1/csm_11043884_3_7fe48f922b.jpg,https://www.zimmer-rohde.com/en/product-finder/details/bamboo-11043-884,2026-02-20T15:08:06.059377,2026-02-22T14:25:48.310531
11044173,Lucky Charm,ZR,fabric,APPROVED,"Inspired by the tranquility and beauty of Asian water landscapes, Lucky Charm features cranes, symbols of happiness and longevity in Asian culture, gliding gracefully through a freshly blossoming spring scene. Flowers and leaves glow in the clear light that follows a refreshing rain shower. Crafted in the finest jacquard technique, the expansive design reveals its charm through intricate detail and luminous, refined coloration.","49% Polyester, 39% Cotton, 12% Silk",173,,,,,https://www.zimmer-rohde.com/fileadmin/_processed_/d/2/csm_11044173_120807ced4.jpg,https://www.zimmer-rohde.com/fileadmin/_processed_/3/7/csm_11044173_2_5d5a884ba8.jpg,https://www.zimmer-rohde.com/fileadmin/_processed_/6/2/csm_11044173_3_109b604453.jpg,https://www.zimmer-rohde.com/en/product-finder/details/lucky-charm-11044-173,2026-02-20T15:08:12.484152,2026-02-22T14:25:31.737575
11045881,Mato,ZR,fabric,APPROVED,"MATO reveals its charm through subtle nuances. On a delicately shimmering ground, horizontal lines appear like a fine mesh laid across the surface, gently accentuating the play of color. The base gains its vitality from the slight sheen of the floating warp yarns, which create a lively wave-like texture on the surface. Every movement, every shift of light unveils new facets of this finely woven jacquard, enhancing the impact of its fourteen elegant colorways. Here, minimalism becomes a sensory experience — a fabric for connoisseurs who appreciate refined details and sophisticated materiality.","57% Viscose, 20% Polyester, 13% Cotton, 10% Flax (linen)",,,,,,https://www.zimmer-rohde.com/fileadmin/_processed_/9/1/csm_11045881_9a6ada35c0.jpg,https://www.zimmer-rohde.com/fileadmin/_processed_/d/0/csm_11045881_2_fea140acfd.jpg,https://www.zimmer-rohde.com/fileadmin/_processed_/2/a/csm_11045881_3_af971fd368.jpg,https://www.zimmer-rohde.com/en/product-finder/details/mato-11045-881,2026-02-20T15:08:18.404205,2026-02-22T14:25:09.171188
11046344,Iriza,ZR,fabric,APPROVED,"Iriza is a floor-to-ceiling taffeta fabric that impresses with its firm structure and shimmering luster. Its densely woven quality gives the textile its distinctive taffeta body, allowing for a dramatic drape that unfolds its full effect, especially in generous curtains. The extensive palette of 30 sophisticated colorways captivates with refined, iridescent nuances created through the interplay of warp and weft threads. IRIZA unites understated elegance with sculptural presence.",100% Polyester,,,,,,https://www.zimmer-rohde.com/fileadmin/_processed_/f/f/csm_11046344_504d61ed6f.jpg,https://www.zimmer-rohde.com/fileadmin/_processed_/f/f/csm_11046344_2_63c2705878.jpg,https://www.zimmer-rohde.com/fileadmin/_processed_/6/5/csm_11046344_3_414042db14.jpg,https://www.zimmer-rohde.com/en/product-finder/details/iriza-11046-344,2026-02-20T15:08:23.683705,2026-02-22T14:24:07.706831
11047991,Ishari,ZR,fabric,APPROVED,"This floor-to-ceiling drapery fabric celebrates the quiet beauty of restraint. Two ultra-fine woven layers encase loosely bound effect yarns whose subtle bouclé character lends the surface a gentle vitality. The result is a textile balance between openness and structure, transparency and volume. The color palette features exclusively neutral natural tones that integrate effortlessly into a wide range of interior concepts. With its easy-care properties and understated appearance, ISHARI becomes a timeless companion for contemporary interiors.",100% Polyester,Neutral natural tones,,,,,https://www.zimmer-rohde.com/fileadmin/_processed_/7/5/csm_11047991_6a67f4940c.jpg,https://www.zimmer-rohde.com/fileadmin/_processed_/0/7/csm_11047991_2_ad86ede458.jpg,https://www.zimmer-rohde.com/fileadmin/_processed_/7/e/csm_11047991_3_75f706f9d3.jpg,https://www.zimmer-rohde.com/en/product-finder/details/ishari-11047-991,2026-02-20T15:08:30.159735,2026-02-22T14:23:13.680387
11048891,Chaconia,ZR,fabric,APPROVED,"The generously scaled Scherli design unfurls in gentle movement across the transparent ground — a weave of leaves, branches, and grape-like blossoms that reveal their full allure in backlight. The refined balance between dense and translucent areas creates a delicate interplay of light and shadow, lending the room a poetic atmosphere. Subtly metallic accents within the blossoms add shimmering highlights and give the design a modern, luxurious touch. A decorative fabric that artfully blurs the line between indoors and outdoors, between natural beauty and refined elegance.","41% Flax (linen), 29% Cotton, 19% Polyester, 5% Viscose, 4% Acrylic, 2% Polyamide",891,,,,,https://www.zimmer-rohde.com/fileadmin/_processed_/2/3/csm_11048891_97b649fb32.jpg,https://www.zimmer-rohde.com/fileadmin/_processed_/7/d/csm_11048891_2_f5bcdf7f93.jpg,https://www.zimmer-rohde.com/fileadmin/_processed_/5/5/csm_11048891_3_f3b9919b74.jpg,https://www.zimmer-rohde.com/en/product-finder/details/chaconia-11048-891,2026-02-20T15:08:35.219826,2026-02-22T14:22:52.242266
11049991,Nuri,ZR,fabric,APPROVED,"Nuri is a subtle fabric that fills interiors with an authentic sense of character. This floor-to-ceiling check weave plays with the contrast between transparency and density, creating a textile graphic of great calm and precision. Yarns of varying thickness and differing weave densities form a fine grid reminiscent of the crosshatching in a drawing — lively, natural, and uncontrived. The gentle irregularity of the effect yarns gives the fabric its distinctive signature: an engaging interplay of line and surface, craftsmanship and lightness.","57% Flax (linen), 43% Cotton",,,,,,https://www.zimmer-rohde.com/fileadmin/_processed_/e/5/csm_11049991_981a7fd787.jpg,https://www.zimmer-rohde.com/fileadmin/_processed_/7/d/csm_11049991_2_7b68c3e710.jpg,https://www.zimmer-rohde.com/fileadmin/_processed_/3/d/csm_11049991_3_ce04bd6470.jpg,https://www.zimmer-rohde.com/en/product-finder/details/nuri-11049-991,2026-02-20T15:08:40.823694,2026-02-22T14:22:12.358304
11050884,Silvan,ZR,fabric,APPROVED,"This embroidered sheer fabric captures the charm of effortless ease. Organic lines flow across the airy ground, stitched tone-on-tone in a rhythmic zigzag pattern — sometimes dense, sometimes freely meandering. The result is a lively allover design reminiscent of handcrafted embroidery, giving the textile a charming artisanal touch. A modern classic infused with a sense of lightness and the feeling of a summer breeze within the room.","Embroidery: 60% Polyester, 25% Cotton, 15% Flax (linen); Ground: 53% Flax (linen), 28% Cotton, 19% Polyester",,,,,,https://www.zimmer-rohde.com/fileadmin/_processed_/6/1/csm_11050884_ae185ff5ea.jpg,https://www.zimmer-rohde.com/fileadmin/_processed_/c/0/csm_11050884_2_0f36f3f4f4.jpg,https://www.zimmer-rohde.com/fileadmin/_processed_/7/8/csm_11050884_3_8c06012fb9.jpg,https://www.zimmer-rohde.com/en/product-finder/details/silvan-11050-884,2026-02-20T15:08:46.732940,2026-02-21T07:41:37.349312
11051812,Niket,ZR,fabric,APPROVED,"A fabric that captivates through its effortless naturalness. The semi-transparent grid weave, crafted in a classic leno technique, reveals an open structure and a pleasantly fluid drape. A special, gentle finish gives the textile its characteristic volume and natural irregularity — almost as if it were handmade. The look is deliberately understated, exuding a calm, relaxed elegance that lends any room a subtle warmth. Made from high-quality polyester yarns, NIKET combines authentic natural appeal with easy care and modern everyday practicality.",100% Polyester,,,,,,https://www.zimmer-rohde.com/fileadmin/_processed_/3/0/csm_11051812_8afb25c821.jpg,https://www.zimmer-rohde.com/fileadmin/_processed_/2/3/csm_11051812_2_e516353648.jpg,https://www.zimmer-rohde.com/fileadmin/_processed_/b/9/csm_11051812_3_40163804e2.jpg,https://www.zimmer-rohde.com/en/product-finder/details/niket-11051-812,2026-02-20T15:08:54.535595,2026-02-21T07:40:43.960628
21291194,Hidcote Indienne,ZR,fabric,APPROVED,"‘Hidcote Indienne’ is inspired by the gardens of Hidcote Manor, a 10.5-acre stretch of formal gardens designed by American horticulturalist Lawrence Johnston in the early 20th century. The planting style at Hidcote is diverse, inspired by Johnston’s travels across Africa Asia and his love of the Arts and Crafts movement. The design includes the likeness of the pink ‘Lawrence Johnston’ placed throughout the design.","51% Cotton, 49% Flax (linen)",,,,,,https://www.zimmer-rohde.com/fileadmin/_processed_/f/a/csm_21291194_f1db4d17ef.jpg,https://www.zimmer-rohde.com/fileadmin/_processed_/f/5/csm_21291194_2_bedd8ebbb9.jpg,https://www.zimmer-rohde.com/fileadmin/_processed_/e/c/csm_21291194_3_73aff40e43.jpg,https://www.zimmer-rohde.com/en/product-finder/details/hidcote-indienne-21291-194,2026-02-21T07:43:48.512306,2026-02-22T14:21:58.747456
19602880,Pampelonne,ZR,fabric,APPROVED,"Pampelonne is a double width, open-weave voile fabric made from 100% linen. The yarn supplier, based in Belgium, are certified Masters of Linen as well as being European-Flax and Oeko-Tex-certified. The long linen fibers guarantee robust quality. The fabric is woven in a traditional textile mill in France, 20 minutes away from our design studio. The fabric is piece-dyed and then stabilized with a gentle stone-wash finish, ensuring softness and a distinctive touch.",100% Flax (linen),,,,,France,https://www.zimmer-rohde.com/fileadmin/_processed_/2/8/csm_19602880_d0fbe32d60.jpg,https://www.zimmer-rohde.com/fileadmin/_processed_/c/3/csm_19602880_2_5dfb5964ec.jpg,https://www.zimmer-rohde.com/fileadmin/_processed_/4/8/csm_19602880_3_3b68e29683.jpg,https://www.zimmer-rohde.com/en/product-finder/details/pampelonne-19602-880,2026-02-21T07:43:53.109973,2026-02-22T14:21:45.581064
19626812,Beloha,ZR,fabric,APPROVED,"Beloha is a wide-width, striped fabric made of Oeko-Tex and GOTS-certified linen and cotton. The beauty of linen paired with the softness of cotton imbues Beloha with charm and naturalness. The finish is as soft as absorbent cotton.","54% Flax (linen), 46% Cotton",,,,,,https://www.zimmer-rohde.com/fileadmin/_processed_/7/c/csm_19626812_6190e16f1e.jpg,https://www.zimmer-rohde.com/fileadmin/_processed_/f/0/csm_19626812_2_47f17fa263.jpg,https://www.zimmer-rohde.com/fileadmin/_processed_/5/e/csm_19626812_3_c273c941ee.jpg,https://www.zimmer-rohde.com/en/product-finder/details/beloha-19626-812,2026-02-21T07:43:58.590427,2026-02-22T14:21:32.717990
19625880,Nazca,ZR,fabric,APPROVED,"Nazca is a wide-width fabric boasting Cornely embroidery. It’s a yarn-dyed cloth made of pure linen, certified according to GOTS standards. A stone-wash finish provides the material with a beautiful texture and structure.","100% Flax (linen), Embroidery: 90% Acrylic, 10% Polyamide",887,,,,,https://www.zimmer-rohde.com/fileadmin/_processed_/1/7/csm_19625880_a8a43c3a24.jpg,https://www.zimmer-rohde.com/fileadmin/_processed_/6/3/csm_19625880_2_47def7a854.jpg,https://www.zimmer-rohde.com/fileadmin/_processed_/1/c/csm_19625880_3_aa2ffbb892.jpg,https://www.zimmer-rohde.com/en/product-finder/details/nazca-19625-880,2026-02-21T07:44:03.462925,2026-02-22T14:21:18.626576
19624235,Nagpur,ZR,fabric,APPROVED,"Nagpur is a homage to Berber carpets. The traditional craftsman's weaving mill, based in Belgium, is a certified Master of Linen as well as being European-Flax and Oeko-Tex-certified. The luxury weft yarn is spun in the tradition of haute-couture tweed. The exclusive color spectrum and nuances create a product with the soft blend of half-tones. The 'washed and tumbled' finish provides a natural handle and softness with a woolen texture. This fabric achieves an 80,000 Martindale.","37% Flax (linen), 36% Viscose, 24% Acrylic, 2% Polyester, 1% Polyamide",,,,,Belgium,https://www.zimmer-rohde.com/fileadmin/_processed_/d/a/csm_19624235_b65c56ca45.jpg,https://www.zimmer-rohde.com/fileadmin/_processed_/d/f/csm_19624235_2_dcbdaa5cd7.jpg,https://www.zimmer-rohde.com/fileadmin/_processed_/8/9/csm_19624235_3_3c0eb6a4e1.jpg,https://www.zimmer-rohde.com/en/product-finder/details/nagpur-19624-235,2026-02-21T07:44:07.653732,2026-02-22T14:21:04.389456
19623875,Asni,ZR,fabric,APPROVED,"Asni’s inspiration comes from striped Berber carpets. Here, the stripe is woven through the weft as a broad block of color. The traditional craftsman's weaving mill, based in Belgium, is a certified Master of Linen as well as being European-Flax and Oeko-Tex-certified. The high quality linen used in this fabric, is a testament to the traditional hand loom heritage from South of France. The ""washed and tumbled"" finish provides softness and a natural handle for modern interiors and large windows that open out onto nature.","65% Flax (linen), 32% Acrylic, 3% Polyester",,,,,Belgium,https://www.zimmer-rohde.com/fileadmin/_processed_/0/8/csm_19623875_f373097659.jpg,https://www.zimmer-rohde.com/fileadmin/_processed_/b/9/csm_19623875_2_a953298cc6.jpg,https://www.zimmer-rohde.com/fileadmin/_processed_/e/c/csm_19623875_3_d7e38b512a.jpg,https://www.zimmer-rohde.com/en/product-finder/details/asni-19623-875,2026-02-21T07:44:12.837449,2026-02-22T14:20:41.003273
19622880,Noga,ZR,fabric,APPROVED,"Noga plays with transparencies and is inspired by traditional basket weaving. The fabric is made from high-quality linen, a testament to the traditional hand loom heritage from South of France. It features a 'washed and tumbled' finish for softness and a natural handle, suitable for modern interiors and large windows. The weaving mill is based in Belgium and is a certified Master of Linen, European-Flax, and Oeko-Tex-certified.","73% Flax (linen), 25% Acrylic, 2% Polyester",,,,,Belgium,https://www.zimmer-rohde.com/fileadmin/_processed_/2/c/csm_19622880_dcf3e4e559.jpg,https://www.zimmer-rohde.com/fileadmin/_processed_/5/3/csm_19622880_2_265ce59402.jpg,https://www.zimmer-rohde.com/fileadmin/_processed_/f/4/csm_19622880_3_e3bd3c321a.jpg,https://www.zimmer-rohde.com/en/product-finder/details/noga-19622-880,2026-02-21T07:44:17.397934,2026-02-22T14:20:26.675941
19621883,Andria,ZR,fabric,APPROVED,"Andria is a broad-striped woven fabric from Italy made from cotton and linen. This beautiful fabric combines a variety of selected yarns with the 'Maltinto' artisanal dyeing process, giving the pretty stripe a vintage patina.","68% Cotton, 26% Flax (linen), 5% Viscose, 1% Polyester","887, 883, 880",,,,Italy,https://www.zimmer-rohde.com/fileadmin/_processed_/d/f/csm_19621883_257e5e3988.jpg,https://www.zimmer-rohde.com/fileadmin/_processed_/3/9/csm_19621883_2_006aeef3e3.jpg,https://www.zimmer-rohde.com/fileadmin/_processed_/5/7/csm_19621883_3_4ca09f3bcd.jpg,https://www.zimmer-rohde.com/en/product-finder/details/andria-19621-883,2026-02-21T07:44:21.433115,2026-02-22T14:20:10.277483
19620880,Licata,ZR,fabric,APPROVED,"Licata is as filigree as linen lace. So much expertise and passion comes from the Italian craftsmanship, ensuring this sophisticated fabric is created. Licata is woven on treasured Dornier jacquard weaving looms. The warp threads are from 100% European-Flax-certified linen. All the steps in the process, from spinning the yarn to weaving right down to the finishing, are carried out in Italy. Kuralon – a special resin – enables the craftspeople to weave threads that would otherwise be too fine to weave. The resin dissolves during finishing so that only the ultra-fine linen threads remain. An artistic 'basket tumbler' finish gives the soft linen voile a delicate drape and cashmere-like feel.","97% Flax (linen), 3% Polyester",990,,,,Italy,https://www.zimmer-rohde.com/fileadmin/_processed_/9/c/csm_19620880_268e6031ca.jpg,https://www.zimmer-rohde.com/fileadmin/_processed_/c/6/csm_19620880_2_2ea7184205.jpg,https://www.zimmer-rohde.com/fileadmin/_processed_/b/9/csm_19620880_3_3dd3cd8614.jpg,https://www.zimmer-rohde.com/en/product-finder/details/licata-19620-880,2026-02-21T07:44:26.045779,2026-02-22T14:19:54.330316
TWL174,Teatro Wall Light,Porta Romana,lighting,APPROVED,"The Teatro wall light captures the elegance and drama of Roman palazzos and theatres, designed in collaboration with the artist Gergei Erdei. Inspired by the folds of heavy curtains, its hand-sculpted design creates a striking three-dimensional form, gently curving away from the surface of the wall to create an impactful silhouette. Each piece is individually handcrafted from a prototype originally draped from fabric, preserving the artistry of its creation. Subtle imperfections in the surface texture reflect the hand of the maker. Suited to both classic and contemporary interiors. Available in Anziano White or Gilted Verdigris — new finishes developed with Erdei to emphasise the unique draped form.",Cast Composite,Anziano White or Gilted Verdigris,3430.0,GBP,6 weeks,,http://portaromana.com/cdn/shop/files/TWL174-ANW-HERO-SHADE1-FN_EDIT_1200x1200.jpg?v=1763119151,http://portaromana.com/cdn/shop/files/TWL174-ANW-LIGHTS-SHADE1-FN_Edit_1200x1200.jpg?v=1763119151,http://portaromana.com/cdn/shop/files/TWL174-ANW-PIC2_1200x1200.jpg?v=1763119151,https://portaromana.com/products/teatro_wall_light,2026-02-21T11:00:14.473643,2026-02-22T14:19:40.323435
VLB93,Etrusco Lamp,Porta Romana,lighting,APPROVED,"Designed in collaboration with artist Gergei Erdei, the Etrusco lamp pays homage to ancient Roman amphoras while referencing the symmetry of Art Deco design. The sculpted base features distinctive details, elevated on a sleek hand-forged and textured pedestal for added presence. Handcrafted and balanced in proportion, the Etrusco serves as both functional lighting and artistic centrepiece, offering a refined fusion of past and present. Available in Anziano White and Distressed Gold or New Bronze and Distressed Gold.",Cast Composite,New Bronze and Distressed Gold,5091.0,GBP,8 weeks,,http://portaromana.com/cdn/shop/files/VLB93-NBZ-HERO-SHADE1_1200x1200.jpg?v=1762356603,http://portaromana.com/cdn/shop/files/VLB93-NBZ-LIGHTS-SHADE1_1200x1200.jpg?v=1762356603,http://portaromana.com/cdn/shop/files/VLB93-NBZ-HOVER1_1200x1200.jpg?v=1762356603,https://portaromana.com/products/etrusco_lamp,2026-02-21T11:00:19.078834,2026-02-22T14:19:23.914275
TWL52S,Scallop Wall Light Small,Porta Romana,lighting,APPROVED,"Since its launch in 2013 the Scallop Shell wall light has transformed bathrooms, kitchens and many other spaces due to its scale and proportion, the versatility of its finishes and the soft light it emits. To extend its influence, we have now created a smaller, more jewel-like scale. Cast in-house and finished by hand in our studio. Available in any painted finish of your choice.",Cast composite with decorative finish,Burnt Stone,1395.0,GBP,6 weeks,,,,,https://portaromana.com/products/sculpted-scallop-wall-light-small,2026-02-21T11:00:22.925526,2026-02-22T14:19:03.236025
VLB72S,Mini Bianca Lamp,Porta Romana,lighting,APPROVED,"The Mini Bianca is a compact and striking table lamp with a softly faceted, mineral-inspired silhouette. Dual-tone, metal-like finishes are expertly layered by hand in our painting studio to create a tactile patina.",Cast Composite,Dark King Copper and King Copper,1563.0,GBP,6 weeks,,http://portaromana.com/cdn/shop/files/VLB72S-DKC-KIC-HERO_1200x1200.jpg?v=1753353547,http://portaromana.com/cdn/shop/files/VLB72S-DKC-KIC-LIGHTS_1200x1200.jpg?v=1753353547,http://portaromana.com/cdn/shop/files/VLB72S-DKC-KIC-HOVER_1200x1200.jpg?v=1753353547,https://portaromana.com/products/mini_bianca_lamp,2026-02-21T11:00:27.451720,2026-02-22T14:18:54.557350
VLB91,Dorian Lamp,Porta Romana,lighting,APPROVED,The Dorian table lamp balances a grounded presence with an asymmetrical profile that echoes 1940s sculpture. Sharing its design language with the Lucian lamp to create a juxtaposing pair. Cast in composite and hand‑finished in our painting studio.,Cast Composite,Burnt Stone,1652.0,GBP,6 weeks,,http://portaromana.com/cdn/shop/files/VLB91-BRS-HERO_1200x1200.jpg?v=1753178557,http://portaromana.com/cdn/shop/files/VLB91-BRS-LIGHTS_1200x1200.jpg?v=1753178558,http://portaromana.com/cdn/shop/files/VLB91-BRS-HOVER_1200x1200.jpg?v=1753178558,https://portaromana.com/products/dorian_lamp,2026-02-21T11:00:31.857743,2026-02-22T14:18:39.600164
MCL112,Twisted Compton Ceiling Light,Porta Romana,lighting,APPROVED,"The Twisted Compton ceiling light adds sinuous rhythm to the original’s sculptural simplicity. Locally forged then hand-finished in our painting studio, it brings movement and texture to contemporary interiors.",Metal,Plaster White,6060.0,GBP,7 week lead time,,http://portaromana.com/cdn/shop/files/MCL112-PLW-HERO_1200x1200.jpg?v=1753178535,http://portaromana.com/cdn/shop/files/MCL112-PLW-LIGHTS_1200x1200.jpg?v=1753178530,http://portaromana.com/cdn/shop/files/MCL112-PLW-HOVER_1200x1200.jpg?v=1753178528,https://portaromana.com/products/twisted_compton_ceiling_light,2026-02-21T11:00:35.230958,2026-02-22T14:18:18.149768
VLB89,Origami Lamp,Porta Romana,lighting,APPROVED,"The Origami table lamp takes inspiration from folded paper forms. Sculpted in-house and cast in composite, its angular planes are enhanced with a hand-painted finish of your choice.",Cast Composite,Verdigris,1467.0,GBP,6 weeks,,http://portaromana.com/cdn/shop/files/VLB89-VER-HERO_1200x1200.jpg?v=1771533884,http://portaromana.com/cdn/shop/files/VLB89-VER-LIGHTS_1200x1200.jpg?v=1771533884,http://portaromana.com/cdn/shop/files/VLB89-VER-HOVER_1200x1200.jpg?v=1771533884,https://portaromana.com/products/origami_lamp,2026-02-21T11:00:40.060651,2026-02-22T14:18:02.810095
SLB78,Dali Lamp,Porta Romana,lighting,APPROVED,"The Dali table lamp pays homage to the Parisian avant‑garde. Hand‑forged in mild steel by a skilled local metalsmith, its subtly dimpled surface is finished by hand in our painting studio to create a rich, well‑worn patina.",Metal,Bronzed,1754.0,GBP,6 weeks,,http://portaromana.com/cdn/shop/files/SLB78-BZD-HERO_1200x1200.jpg?v=1753178547,http://portaromana.com/cdn/shop/files/SLB78-BZD-LIGHTS_1200x1200.jpg?v=1753178546,http://portaromana.com/cdn/shop/files/SLB78-BZD-HOVER_1200x1200.jpg?v=1753178534,https://portaromana.com/products/dali_lamp,2026-02-21T11:00:43.844488,2026-02-22T14:17:46.871659
TWL170,Lila Wall Light,Porta Romana,lighting,APPROVED,"The Lila wall light brings the serene beauty of aquatic flora to vertical planes. Hand-sculpted lily pads curve from the wall, catching light in their folds like petals at dusk. Hand-painted finishes introduce gentle texture. Also available as a ceiling light.",Metal,Anne's Garden,3972.0,GBP,6 weeks,,http://portaromana.com/cdn/shop/files/TWL170-HERO_1200x1200.jpg?v=1771534019,http://portaromana.com/cdn/shop/files/TWL170-LIGHTS_1200x1200.jpg?v=1771534019,http://portaromana.com/cdn/shop/files/TWL170-PIC1_1200x1200.jpg?v=1771534019,https://portaromana.com/products/lila_wall_light,2026-02-21T11:00:49.385315,2026-02-22T14:17:33.860490
VLB90,Lucian Lamp,Porta Romana,lighting,APPROVED,"The Lucian table lamp features a twisting, root‑like base drawn from organic forms and Mexican architecture. Sharing its design language with the Dorian lamp to create a juxtaposing pair. Sculpted in‑house, cast in composite and hand‑finished in our painting studio.",Cast Composite,Bronzé,1928.0,GBP,6 weeks,,http://portaromana.com/cdn/shop/files/VLB90-BEE-HERO_1200x1200.jpg?v=1771533982,http://portaromana.com/cdn/shop/files/VLB90-BEE-LIGHTS_1200x1200.jpg?v=1771533982,http://portaromana.com/cdn/shop/files/VLB90-BEE-HOVER_1200x1200.jpg?v=1771533982,https://portaromana.com/products/lucian_lamp,2026-02-21T11:00:54.382627,2026-02-22T14:17:18.387631
TWL171,Julius Wall Light,Porta Romana,lighting,APPROVED,"The Julius wall light is sculpted and cast in-house, then hand-decorated to emphasise its dimpled texture. Finished with a hand-painted gold interior to create a soft and luminous reflection.",Cast Composite,Sprottle & Gold,984.0,GBP,6 weeks,,http://portaromana.com/cdn/shop/files/TWL171-SPR-GLD-HERO_0cbfa67e-80a9-4beb-a9d0-ac9cba0b1d28_1200x1200.jpg?v=1757590457,http://portaromana.com/cdn/shop/files/TWL171-SPR-GLD-LIGHTS_a9b726bb-08e9-4c07-b3c3-3542b91c5a32_1200x1200.jpg?v=1757590457,http://portaromana.com/cdn/shop/files/TWL171-SPR-GLD-HOVER_87e290f5-c567-46ff-8044-16dcf07a8669_1200x1200.jpg?v=1757590457,https://portaromana.com/products/julius_wall_light,2026-02-21T11:00:57.746914,2026-02-22T14:17:03.458082
MCL113,Lila Ceiling Light,Porta Romana,lighting,APPROVED,"The Lila ceiling light is inspired by lily pads and flowers, capturing the serene beauty of aquatic flora. Hand‑painted finishes introduce gentle texture. A tiny frog perches delicately on one of the leaves. Also available as a wall light.",Metal,Anne's Garden,7800.0,GBP,7 weeks,,http://portaromana.com/cdn/shop/files/MCL113-ANG-HERO_1200x1200.jpg?v=1757517269,http://portaromana.com/cdn/shop/files/MCL113-ANG-LIGHTS_1200x1200.jpg?v=1757517269,http://portaromana.com/cdn/shop/files/MCL113-ANG-PIC3_1200x1200.jpg?v=1757517269,https://portaromana.com/products/lila_ceiling_light,2026-02-21T11:01:01.113287,2026-02-22T14:16:45.856488
TWL172,Camelio Wall Light,Porta Romana,lighting,APPROVED,"The flowing lines of a seashell inspired the Camelio wall light’s elegant form. Hand-cast and finished with a coarse, stone-like painted finish — Burnt Stone — developed specifically for the piece, it casts a soft, upward glow that enhances intimate spaces. Also available in Sprottle or any painted finish of your choice.",Cast Composite,Burnt Stone,1098.0,GBP,6 weeks,,http://portaromana.com/cdn/shop/files/TWL172L-BRS-HERO_1200x1200.jpg?v=1753352464,http://portaromana.com/cdn/shop/files/TWL172L-BRS-LIGHTS_1200x1200.jpg?v=1753352464,http://portaromana.com/cdn/shop/files/TWL172L-BRS-HOVER_1200x1200.jpg?v=1753352464,https://portaromana.com/products/camelio_wall_light,2026-02-21T11:01:05.652211,2026-02-22T14:16:33.935382
MCL111,Helix Ceiling Light,Porta Romana,lighting,APPROVED,"The Helix sculptural ceiling light is both kinetic and calming. Shaped in steel by a skilled local metalsmith. Textured and hand‑decorated in a painted finish of your choice — the form casts soft, swirling shadows. A work of art suspended in space.",Metal,Plaster White,8430.0,GBP,7 week lead time,,http://portaromana.com/cdn/shop/files/MCL111-PLW-HERO_1200x1200.jpg?v=1753178532,http://portaromana.com/cdn/shop/files/MCL111-PLW-LIGHTS_1200x1200.jpg?v=1753178530,http://portaromana.com/cdn/shop/files/MCL111-PLW-PIC1_1200x1200.jpg?v=1753178530,https://portaromana.com/products/helix_ceiling_light,2026-02-21T11:01:09.623706,2026-02-22T14:16:13.568383
MCL114,Hecate Ceiling Light,Porta Romana,lighting,APPROVED,The Hecate ceiling light is a bold statement inspired by Greek mythology. A monolithic assembly of welded steel arms with offset angles creates a distinctive silhouette. Hand‑forged in Britain and decorated by hand in our painting studio.,Metal,Bronzed,9438.0,GBP,7 weeks,Britain,http://portaromana.com/cdn/shop/files/MCL114-BZD-HERO_1200x1200.jpg?v=1753178528,http://portaromana.com/cdn/shop/files/MCL114-BZD-LIGHTS_1200x1200.jpg?v=1753178527,http://portaromana.com/cdn/shop/files/MCL114-BZD-HOVER_1200x1200.jpg?v=1753178527,https://portaromana.com/products/hecate_ceiling_light,2026-02-21T11:01:14.018756,2026-02-22T14:15:16.808493
GLB100,Briar Lamp,Porta Romana,lighting,APPROVED,"The Briar is a handblown glass table lamp inspired by mid-century glassmaking and organic form. Crafted in collaboration with one of our British artisan glassblowers, each piece is unique with layered glass peaks. Available in Clear, Amber, Lemongrass or Denim.",Glass,Amber,2193.0,GBP,4 week lead time,United Kingdom,http://portaromana.com/cdn/shop/files/GLB100-AMB-HERO_1200x1200.jpg?v=1771534063,http://portaromana.com/cdn/shop/files/GLB100-AMB-LIGHTS_1200x1200.jpg?v=1771534063,http://portaromana.com/cdn/shop/files/GLB100-AMB-HOVER_1200x1200.jpg?v=1771534063,https://portaromana.com/products/briar_lamp,2026-02-21T11:01:17.832701,2026-02-22T14:15:00.071885
TWL173,Mollusc Wall Light,Porta Romana,lighting,APPROVED,"The Mollusc wall light features a gently undulating, hand‑cast form inspired by our Rupi family. A new Autumn Gold painted finish enriches the outer surface, paired with a Bright Gold interior to create a warm, uplifting glow.",Cast Composite,Autumn Gold,750.0,GBP,6 week lead time,,http://portaromana.com/cdn/shop/files/TWL173-HERO_1200x1200.jpg?v=1757516863,http://portaromana.com/cdn/shop/files/TWL173-LIGHTS_1200x1200.jpg?v=1757516999,http://portaromana.com/cdn/shop/files/TWL173-HOVER_1200x1200.jpg?v=1757516999,https://portaromana.com/products/mollusc-wall-light,2026-02-21T11:01:21.297835,2026-02-22T14:10:36.725836
VFL10,Cannella Floor Lamp,Porta Romana,lighting,APPROVED,"The Cannella is a refined, architectural floor lamp with a clean vertical silhouette. Fabricated in-house and hand-finished with a Bright Gold inner detailing to reflect a warm, soft glow.",Cast Composite,Light New Bronze and Bright Gold,3396.0,GBP,12 week lead time,,http://portaromana.com/cdn/shop/files/VFL10-LNB-BRG-HERO_1200x1200.jpg?v=1753178549,http://portaromana.com/cdn/shop/files/VFL10-LNB-BRG-LIGHTS_1200x1200.jpg?v=1753178542,http://portaromana.com/cdn/shop/files/VFL10-LNB-BRG-HOVER_1200x1200.jpg?v=1753178557,https://portaromana.com/products/cannella_floor_lamp,2026-02-21T11:01:26.815342,2026-02-22T14:10:22.311529
TWL161U,Connie Wall Light Uplight,Porta Romana,lighting,APPROVED,"The Connie wall light, shaped like a bell, and in the style of a campaign tent, is hand-cast and then textured and hand-painted. Available in two orientations. Also available as a pendant light and in any custom painted finish.",Cast Composite,Plaster White,1086.0,GBP,6 weeks,,http://portaromana.com/cdn/shop/files/TWL161-PLW-HERO_1200x1200.jpg?v=1708276358,http://portaromana.com/cdn/shop/files/TWL161-PLW-LIGHTS_1200x1200.jpg?v=1708276375,http://portaromana.com/cdn/shop/files/DG_NYC_Botanical_Studies_2_Photography_by_Michael_Clifford_LR_53568bbd-e8d4-49d2-9d7f-e8997e4b04c4_1200x1200.jpg?v=1732119873,https://portaromana.com/products/connie-wall-light-copy,2026-02-21T11:01:32.642724,2026-02-22T14:10:10.169326
CLB64,Barnacle Lamp,Porta Romana,lighting,APPROVED,"The Barnacle lamp has a heavy, low, round design and a unique personality due to the individual, sculpted ‘barnacle’ elements each hand-applied, adding to its texture and character. Available in glazes including Almond, Capri, Pudding, Safari or Tigers Eye. It has the feel of something old and interesting, looking at it more closely you notice how much depth there is to each finish.",Ceramic,Safari,1439.0,GBP,10-12 weeks,,http://portaromana.com/cdn/shop/files/CLB64-SFI-HERO_1200x1200.jpg?v=1741690183,http://portaromana.com/cdn/shop/files/CLB64-SFI-LIGHTS_1200x1200.jpg?v=1741690138,http://portaromana.com/cdn/shop/files/CLB64-SFI-HOVER_1200x1200.jpg?v=1741690171,https://portaromana.com/products/barnacle_lamp,2026-02-21T11:01:37.493934,2026-02-22T14:09:51.964303
CLB62,Finley Ceramic Lamp,Porta Romana,lighting,APPROVED,"One of the most exciting designs from the Autumn 24 collection, Finley — a large-scale hand-cast table lamp inspired by the abstract shape of a cactus with rippled, asymmetrical fins on all sides. Now available in Crème Brulée and Safari glazes, it somehow seems even more spectacular.",Ceramic,"Crème Brûlée, Safari",2319.0,GBP,8-10 weeks,,http://portaromana.com/cdn/shop/files/CLB62-CRB-HERO_1200x1200.jpg?v=1741259985,http://portaromana.com/cdn/shop/files/CLB62-CRB-LIGHTS_1200x1200.jpg?v=1741260067,http://portaromana.com/cdn/shop/files/CLB62-CRB-HOVER_1200x1200.jpg?v=1741260067,https://portaromana.com/products/finley_ceramic_lamp,2026-02-21T11:01:43.269137,2026-02-22T14:09:36.427652
TWL169S,Scallop Ceramic Wall Light Small,Porta Romana,lighting,APPROVED,"Since its launch in 2013 the Scallop Shell wall light has transformed bathrooms, kitchens and many other spaces due to its scale and proportion, the versatility of its finishes and the soft light it emits. To extend its influence, we have now created a smaller, more jewel-like scale in ceramic available in a series of different glazes. Capri and Myrtle are strong and eye-catching, while more neutral colours such as Safari give it tremendous scope for versatility.",Ceramic,"Capri, Myrtle, Safari",1674.0,GBP,Please contact sales@portaromana.com for lead time information,,http://portaromana.com/cdn/shop/files/TWL169S-CAP-HERO_1200x1200.jpg?v=1741097553,http://portaromana.com/cdn/shop/files/TWL169S-CAP-LIGHTS_6c87c88f-51d2-443e-a2c2-04ded549747a_1200x1200.jpg?v=1741098220,http://portaromana.com/cdn/shop/files/TWL169S-CAP-HOVER_1200x1200.jpg?v=1741098220,https://portaromana.com/products/scallop_wall_light_small,2026-02-21T11:01:50.864584,2026-02-22T14:09:21.787182
TWL166,Bolla Wall Light,Porta Romana,lighting,APPROVED,"The Bolla Wall Light is a reinterpretation of the Boublé table lamp, inspired by the work of Georges Jouve. It is part of the Porta Romana collection for Spring 25 and is available in a range of irresistible glazes including Safari, Pudding, Almond, or Myrtle. This product is UL listed.",Glazed ceramic,"Almond, Pudding, Myrtle, Safari",,,8 to 12 weeks,,https://portaromana.com/cdn/shop/files/TWL166-ALM-HERO_1_3024x.jpg?v=1771535250,https://portaromana.com/cdn/shop/files/TWL166-ALM-LIGHTS_3024x.jpg?v=1771535250,https://portaromana.com/cdn/shop/files/TWL166-ALM-HOVER_3024x.jpg?v=1771535250,https://portaromana.com/products/bolla_wall_light,2026-02-21T11:01:56.944939,2026-02-21T19:44:17.747265
TWL168S,Rupi Ceramic Wall Light Small,Porta Romana,lighting,APPROVED,"Inspired by the Pinea Trees that guard the southern Italian coastline, the Rupi wall light is sculpted, with textured branches and an undulating, curved up light. Now available in ceramic, glazed in Almond, Myrtle and Pudding, changing the character completely. The Rupi ceramic wall light is available in Large and Small.",Ceramic,"Myrtle, Almond, Pudding",918.0,GBP,Please contact sales@portaromana.com for lead time information,,https://portaromana.com/cdn/shop/files/TWL168S-MYR-HERO_3024x.jpg?v=1741273426,https://portaromana.com/cdn/shop/files/TWL168S-MYR-LIGHTS_3024x.jpg?v=1741273426,https://portaromana.com/cdn/shop/files/25_Spring_Rupi_Small_Rupi_Large_Portrait_3024x.jpg?v=1741343750,https://portaromana.com/products/rupi_ceramic_wall_light_small,2026-02-21T11:02:01.100951,2026-02-21T19:43:26.129979
97912,Bouquet,Arte,wallpaper,APPROVED,"A beautiful décor designed after a historic Rijksmuseum tapestry, presented on a slightly textured textile with an airy, open weave. The design comes to life on a slightly textured textile, whose airy, open weave lends the composition a calming and natural appearance.",Textile wallcovering on non-woven backing,Bister,,,,,https://edge.arte-international.com/media/0108a53e-f38c-40a1-aaa6-ceb1ce0d8797/conversions/LesTapisseries_Bouquet_97912_Roomshot_Web_LR-og.jpg,https://edge.arte-international.com/media/2eb41e57-c6e1-413f-88c5-6cbc2de6d0df/conversions/LesTapisseries_Bouquet_97912_Roomshot_Web_LR-medium-two-thirds.jpg,https://edge.arte-international.com/media/2eb41e57-c6e1-413f-88c5-6cbc2de6d0df/conversions/LesTapisseries_Bouquet_97912_Roomshot_Web_LR-fullscreen.jpg,https://www.arte-international.com/en/collections/les-tapisseries/bouquet,2026-02-22T14:42:26.784178,2026-02-22T15:03:06.469453
97830,Ramage,Arte,wallpaper,APPROVED,"In the world of textile design, a ramage denotes a motif of branches and flowers—an apt name for this décor in a Japanese drawing style, where birds of paradise hide playfully among lush foliage. The luxurious jacquard textile lends the composition a classical, enduring elegance.",Textile wallcovering on non-woven backing,Spicy Beige,,,,,https://edge.arte-international.com/media/8c94cab6-071e-46b7-95b9-355bcc1e12aa/conversions/LesTapisseries_Ramage_97830_Roomshot_Web_LR-og.jpg,https://edge.arte-international.com/media/8c51ed88-6c09-4149-8b10-9d5a52afd7eb/conversions/LesTapisseries_Ramage_97830_Roomshot_Web_LR-medium-two-thirds.jpg,https://edge.arte-international.com/media/8c51ed88-6c09-4149-8b10-9d5a52afd7eb/conversions/LesTapisseries_Ramage_97830_Roomshot_Web_LR-fullscreen.jpg,https://www.arte-international.com/en/collections/les-tapisseries/ramage,2026-02-22T14:42:33.031758,2026-02-22T15:02:49.025711
97840,Brocade,Arte,wallpaper,APPROVED,"The Brocade décor is derived from an early 20th century textile. Its refined motif, rich in detail and texture, is revived on a luxurious jacquard fabric, preserving the grandeur and elegance of the original pattern.",Textile wallcovering on non-woven backing,Vermilion,,,,,https://edge.arte-international.com/media/3884b8ec-2be3-4e4c-8e55-9213f4e9cec2/conversions/LesTapisseries_Brocade_97840_Roomshot_Web_LR-og.jpg,https://edge.arte-international.com/media/0bc70c75-1528-441c-b3cb-2c2e0ad5cd30/conversions/LesTapisseries_Brocade_97840_Roomshot_Web_LR-medium-two-thirds.jpg,https://edge.arte-international.com/media/0bc70c75-1528-441c-b3cb-2c2e0ad5cd30/conversions/LesTapisseries_Brocade_97840_Roomshot_Web_LR-fullscreen.jpg,https://www.arte-international.com/en/collections/les-tapisseries/brocade,2026-02-22T14:42:39.477290,2026-02-22T15:02:41.149217
97850,Bucolique,Arte,wallpaper,APPROVED,"Bucolique is designed after a 17th-century tapestry, depicting an idyllic scene in which two elegant swans take centre stage. The panoramic composition is rendered on a richly textured textile, giving it the tactile presence and depth of an authentic wall tapestry.",Textile wallcovering on non-woven backing,Forest Green,,,,,https://edge.arte-international.com/media/a256d86c-9cb5-49c6-9447-148bb1cb092b/conversions/LesTapisseries_Bucolique_97850_Roomshot_Web_LR-og.jpg,https://edge.arte-international.com/media/1f8eba04-9269-451c-b0c5-811da905703e/conversions/LesTapisseries_Bucolique_97850_Roomshot_Web_LR-medium-two-thirds.jpg,https://edge.arte-international.com/media/1f8eba04-9269-451c-b0c5-811da905703e/conversions/LesTapisseries_Bucolique_97850_Roomshot_Web_LR-fullscreen.jpg,https://www.arte-international.com/en/collections/les-tapisseries/bucolique,2026-02-22T14:42:45.311399,2026-02-22T15:02:35.741215
97860,Escapade,Arte,wallpaper,APPROVED,"The Escapade panorama, designed after a late-18th-century tapestry, evokes the atmosphere of a painted scene. It reveals a dreamy natural landscape that invites the viewer to wander and drift away, while the velvety-soft textile heightens the sense of luxury and elegance.",Textile wallcovering on non-woven backing,Cinnamon,,,,,https://edge.arte-international.com/media/5ba2672b-5218-4dac-93f8-fa95603ab6d5/conversions/LesTapisseries_Escapade_97860_Roomshot_Web_LR-og.jpg,https://edge.arte-international.com/media/96fb06e7-0090-404d-84ee-72c85fc2fbf0/conversions/LesTapisseries_Escapade_97860_Roomshot_Web_LR-medium-two-thirds.jpg,https://edge.arte-international.com/media/96fb06e7-0090-404d-84ee-72c85fc2fbf0/conversions/LesTapisseries_Escapade_97860_Roomshot_Web_LR-fullscreen.jpg,https://www.arte-international.com/en/collections/les-tapisseries/escapade,2026-02-22T14:42:51.479184,2026-02-22T15:02:27.279882
97870,Floraison,Arte,wallpaper,APPROVED,"With its ornate frame, Floraison recalls the character of a classical painting. It is designed after an original 18th-century tapestry from Aubusson, and the composition draws the viewer almost irresistibly into the scene. The panorama is executed on a parchment-like base, emphasising the authentic origin of the drawing.",Non-woven wallcovering,Red Foliage,,,,,https://edge.arte-international.com/media/68eaec52-ee42-4e2c-b0c3-62cd9861472a/conversions/LesTapisseries_Floraison_97870_Roomshot_Web_LR-og.jpg,https://edge.arte-international.com/media/b0e38270-b12f-4b22-8a78-d2454038b9b0/conversions/LesTapisseries_Floraison_97870_Roomshot_Web_LR-medium-two-thirds.jpg,https://edge.arte-international.com/media/b0e38270-b12f-4b22-8a78-d2454038b9b0/conversions/LesTapisseries_Floraison_97870_Roomshot_Web_LR-fullscreen.jpg,https://www.arte-international.com/en/collections/les-tapisseries/floraison,2026-02-22T14:42:57.708482,2026-02-22T15:02:20.626797
97881,Récolte des Fleurs,Arte,wallpaper,APPROVED,"The Récolte des Fleurs panorama, designed after an antique Beauvais tapestry, depicts a lively and joyful scene. The flower pickers celebrate life with an infectious energy that seems to radiate from the design. Rendered on a parchment-like base, the work glows like a precious artefact that has gracefully withstood the test of time.",Non-woven wallcovering,Morning Light,,,,,https://edge.arte-international.com/media/d32f16d2-843d-4d9a-a008-e81b1782ca07/conversions/LesTapisseries_RécoltedesFleurs_97881_Roomshot_Web_LR-og.jpg,https://edge.arte-international.com/media/96886958-ab97-4150-9b6e-0167e4c55029/conversions/LesTapisseries_RécoltedesFleurs_97881_Roomshot_Web_LR-medium-two-thirds.jpg,https://edge.arte-international.com/media/96886958-ab97-4150-9b6e-0167e4c55029/conversions/LesTapisseries_RécoltedesFleurs_97881_Roomshot_Web_LR-fullscreen.jpg,https://www.arte-international.com/en/collections/les-tapisseries/recolte-des-fleurs,2026-02-22T14:43:04.489647,2026-02-22T15:02:12.601149
97890,Ornement,Arte,wallpaper,APPROVED,"The abstract floral richness of the Ornement décor captivates through its exceptional cross-stitch embroidery. This rendering of an 18th-century tapestry is revitalised on a luxurious, ultra-soft velour, adding depth and tactile allure to the design.",Textile wallcovering on non-woven backing,Ochre,,,,,https://edge.arte-international.com/media/8565ce6b-d496-453a-acae-9ea6434991e3/conversions/LesTapisseries_Ornement_97890_Roomshot_Web_LR-og.jpg,https://edge.arte-international.com/media/5d67e6b9-42e2-4a4a-85a4-57339ee90e50/conversions/LesTapisseries_Ornement_97890_Roomshot_Web_LR-medium-two-thirds.jpg,https://edge.arte-international.com/media/5d67e6b9-42e2-4a4a-85a4-57339ee90e50/conversions/LesTapisseries_Ornement_97890_Roomshot_Web_LR-fullscreen.jpg,https://www.arte-international.com/en/collections/les-tapisseries/ornement,2026-02-22T14:43:10.813391,2026-02-22T15:01:49.690623
97900,Collines,Arte,wallpaper,APPROVED,"The Collines décor is derived from an authentic 18th-century tapestry from Aubusson. Its abstract botanical motif is distinctly timeless, making it perfectly suited to contemporary interiors while preserving the charm of its historic origins.",Textile wallcovering on non-woven backing,Indigo,,,,,https://edge.arte-international.com/media/741a609a-5cb9-460e-aba5-67057dd59212/conversions/LesTapisseries_Collines_97900_Roomshot_Web_LR-og.jpg,https://edge.arte-international.com/media/231a7a2f-b7c6-4c4d-ba99-757148603a81/conversions/LesTapisseries_Collines_97900_Roomshot_Web_LR-medium-two-thirds.jpg,https://edge.arte-international.com/media/231a7a2f-b7c6-4c4d-ba99-757148603a81/conversions/LesTapisseries_Collines_97900_Roomshot_Web_LR-fullscreen.jpg,https://www.arte-international.com/en/collections/les-tapisseries/collines,2026-02-22T14:43:17.065145,2026-02-22T15:01:45.113907
90515A,Riverbank,Arte,wallpaper,APPROVED,"Inspired by classic tapestries, this woven jacquard wallcovering depicts a lush riverbank with a Japanese crane peeking out of the vegetation. This unique species symbolises good luck and longevity in Japan. The drawing is intentionally pixelated in a nod to the country's mid-century optimism.",Textile wallcovering on non-woven backing,"Ponceau, Ombre, Autumn Gold",,,,,https://edge.arte-international.com/media/64be64fc-4273-474d-8f8f-02aa40751c44/conversions/Boutique_Riverbank_90515_1_Roomshot_Web_LR-og.jpg,https://edge.arte-international.com/media/0fb2557d-2e9a-40df-ab6b-b005207d7b91/conversions/Boutique_Riverbank_90515_1_Roomshot_Web_LR-medium-two-thirds.jpg,https://edge.arte-international.com/media/25837680-a9a3-4ccf-af43-47cc16c7c8bb/conversions/LesTapisseries_Riverbank_90516A_Roomshot_Web_LR-medium-two-thirds.jpg,https://www.arte-international.com/en/collections/les-tapisseries/riverbank-1,2026-02-22T14:43:23.334366,2026-02-22T15:01:39.549706
18330,Kashmir,Arte,wallpaper,APPROVED,"Kashmir is a panoramic design inspired by the colourful shawls of India, printed on a vinyl base with the texture of evenly woven linen.",Vinyl wallpaper on paper backing,,,,,,https://edge.arte-international.com/media/8149dc5d-651e-4c23-aebf-ff3d40e71461/conversions/Indienne_Kashmir_18330_Roomshot_Web_LR-og.jpg,https://edge.arte-international.com/media/68f310a7-23f6-4b5d-9c36-83a8e5e93654/conversions/Indienne_Kashmir_18330_Roomshot_Web_LR-medium-two-thirds.jpg,https://edge.arte-international.com/media/e524f15c-ed1a-467b-b07b-e8179900dd63/conversions/Indienne_Kashmir_18332_Roomshot_Web_LR-medium-two-thirds.jpg,https://www.arte-international.com/en/collections/indienne/kashmir,2026-02-22T14:43:29.962941,2026-02-22T15:01:33.570742
18321,Kerala,Arte,wallpaper,APPROVED,"The swaying palms along the riverbanks of the Indian state of Kerala inspired this panoramic design. Its graceful lines stand out beautifully on the vinyl base, which has the relaxed, open-woven texture of linen.",Vinyl wallpaper on paper backing,Forest,,,,,https://edge.arte-international.com/media/2da40c74-ae11-459a-a345-543fd0de93a5/conversions/Indienne_Kerala_18321_Roomshot_Web_LR-og.jpg,https://edge.arte-international.com/media/9b2d6656-3ac0-41f5-9bdc-b198483c7c9c/conversions/Indienne_Kerala_18321_Roomshot_Web_LR-medium-two-thirds.jpg,https://edge.arte-international.com/media/3cdd4496-9aa2-4061-9625-e8b259272e48/conversions/Indienne_Kerala_18320_Roomshot_Web_LR-medium-two-thirds.jpg,https://www.arte-international.com/en/collections/indienne/kerala,2026-02-22T14:43:36.310599,2026-02-22T15:01:27.754242
18360,Bundi,Arte,wallpaper,APPROVED,"This plain design offers a remarkably realistic interpretation of timeless linen, with an exceptionally matte vinyl finish. Its even weave creates a calm, balanced effect. Bundi, named after the charming Indian town, is available in a rich palette of warm, natural colours.",Vinyl wallpaper on paper backing,Cloth,,,,,https://edge.arte-international.com/media/a914a103-52a6-43ec-b361-ff9da13e4afb/conversions/Indienne_Bundi_18364_Roomshot_Web_LR-og.jpg,https://edge.arte-international.com/media/2b75345c-8b4f-4d15-a356-9aee21b71127/conversions/Indienne_Bundi_18364_Roomshot_Web_LR-medium-two-thirds.jpg,https://edge.arte-international.com/media/5c94aaa6-2336-4b97-a073-9d262e0f913d/conversions/Indienne_Bundi_18368_Roomshot_Web_LR-medium-two-thirds.jpg,https://www.arte-international.com/en/collections/indienne/bundi,2026-02-22T14:43:44.297674,2026-02-22T15:01:22.308930
18340,Mandu,Arte,wallpaper,APPROVED,"Named after the historic Indian city of Mandu, this understated design is a vinyl with the elegant, airy look of handwoven linen. Its open weave reveals subtle irregularities, highlighting its artisanal character. Mandu is available in a beautiful palette of warm, natural colours.",Vinyl wallpaper on paper backing,Cider,,,,,https://edge.arte-international.com/media/4a10e11d-167a-4145-b3ac-60f9e98265c9/conversions/Indienne_Mandu_18340_Roomshot_Web_LR-og.jpg,https://edge.arte-international.com/media/a77c6d79-cf11-4103-8e83-7fe13c43987e/conversions/Indienne_Mandu_18340_Roomshot_Web_LR-medium-two-thirds.jpg,https://edge.arte-international.com/media/9e9ec23e-0db8-4100-a320-1f1f17c155e7/conversions/Indienne_Mandu_18348_Roomshot_Web_LR-medium-two-thirds.jpg,https://www.arte-international.com/en/collections/indienne/mandu,2026-02-22T14:43:52.587709,2026-02-22T14:55:14.355162
18310,Agra,Arte,wallpaper,APPROVED,"Agra is an abstract flower design printed on an elegant vinyl base that mimics the texture of handwoven linen. It draws inspiration from the flowering plants that color the landscape in spring, as well as the floral garlands found in countless street stalls.",Vinyl wallpaper on paper backing,Okra,,,,,https://edge.arte-international.com/media/1bb7269e-a1af-4f74-996b-0b13fee4228c/conversions/Indienne_Agra_18310_Roomshot_Web_LR-og.jpg,https://edge.arte-international.com/media/66a436a7-8158-40b6-ac85-031c0d9ae91b/conversions/Indienne_Agra_18310_Roomshot_Web_LR-medium-two-thirds.jpg,https://edge.arte-international.com/media/66a436a7-8158-40b6-ac85-031c0d9ae91b/conversions/Indienne_Agra_18310_Roomshot_Web_LR-fullscreen.jpg,https://www.arte-international.com/en/collections/indienne/agra,2026-02-22T14:43:59.370365,2026-02-22T14:55:08.839307
18300,Poona,Arte,wallpaper,APPROVED,"This airy design is named after the Indian city of Pune, formerly Poona, home to the magnificent Aga Khan Palace. Poona draws inspiration from the palace’s graceful arches and is printed on a vinyl base with a realistic, evenly woven linen texture.",Vinyl wallpaper on paper backing,Cinnamon,,,,,https://edge.arte-international.com/media/a9347616-a4e6-4457-a8e2-e03e7abcc55f/conversions/Indienne_Poona_18300_Roomshot_Web_LR-og.jpg,https://edge.arte-international.com/media/04526974-879f-40fa-bca5-2a81d26440dc/conversions/Indienne_Poona_18300_Roomshot_Web_LR-medium-two-thirds.jpg,https://edge.arte-international.com/media/04526974-879f-40fa-bca5-2a81d26440dc/conversions/Indienne_Poona_18300_Roomshot_Web_LR-fullscreen.jpg,https://www.arte-international.com/en/collections/indienne/poona,2026-02-22T14:44:05.894437,2026-02-22T14:55:04.784582
23420,Ibis,Arte,wallpaper,APPROVED,"The Ibis design features tall panels depicting the verdant green riverbanks of the Nile, rendered in a soft relief textile. Among the lush foliage, the graceful ibis - a bird rich in ancient Egyptian symbolism - occasionally appears, adding a poetic touch to the design.",3D textile wallcovering on non-woven backing,Off-white,,,,,https://edge.arte-international.com/media/90e15944-51e0-4a51-8362-558e320f694c/conversions/Memphis_Ibis_23420_Roomshot_Web_LR-og.jpg,https://edge.arte-international.com/media/2183e2bc-0620-43c4-81ae-6364abed3937/conversions/Memphis_Ibis_23420_Roomshot_Web_LR-medium-two-thirds.jpg,https://edge.arte-international.com/media/93202a24-cb26-43cc-906b-100b222d23bd/conversions/Memphis_Ibis_23423_Roomshot_Web_LR-medium-two-thirds.jpg,https://www.arte-international.com/en/collections/memphis/ibis,2026-02-22T14:44:12.226600,2026-02-22T14:55:00.418962
23440,Abydos,Arte,wallpaper,APPROVED,"This intriguing geometric pattern, Abydos, is composed of strong lines moving in different directions, inspired by the characteristic structures of the temples of Abydos, one of Egypt’s oldest and most spiritual cities. The soft 3D textile amplifies the dynamic effect, truly bringing the design to life.",3D textile wallcovering on non-woven backing,Elephant,,,,,https://edge.arte-international.com/media/c37b2063-eaa1-4f10-9fc4-4970c355799c/conversions/Memphis_Abydos_23441_Roomshot_Web_LR-og.jpg,https://edge.arte-international.com/media/be076a6a-dbf4-4430-b120-6feea7f0e07c/conversions/Memphis_Abydos_23441_Roomshot_Web_LR-medium-two-thirds.jpg,https://edge.arte-international.com/media/4ca9af44-d123-43a3-b6d3-dce02836af07/conversions/Memphis_Abydos_23440_Roomshot_Web_LR-medium-two-thirds.jpg,https://www.arte-international.com/en/collections/memphis/abydos,2026-02-22T14:44:18.900075,2026-02-22T14:54:55.240787
23430,Siwa,Arte,wallpaper,APPROVED,"The Siwa design draws inspiration from the distinctive texture of the palm trunk, subtly referencing the remarkable trees that symbolize life in the desert. This design exudes warmth thanks to the soft, tactile relief textile.",3D textile wallcovering on non-woven backing,Chestnut,,,,,https://edge.arte-international.com/media/28526376-f68d-4b02-b1d1-ec0657c8bd9d/conversions/Memphis_Siwa_23432_Roomshot_Web_LR-og.jpg,https://edge.arte-international.com/media/428898de-d288-40f3-b463-1714c59de939/conversions/Memphis_Siwa_23432_Roomshot_Web_LR-medium-two-thirds.jpg,https://edge.arte-international.com/media/de8903b2-ec44-47d4-9658-3bd5e9887e6f/conversions/Memphis_Siwa_23430_Roomshot_Web_LR-medium-two-thirds.jpg,https://www.arte-international.com/en/collections/memphis/siwa,2026-02-22T14:44:25.658313,2026-02-22T14:54:35.779052
23410,Sakkara,Arte,wallpaper,APPROVED,"Sakkara takes its name from the necropolis near Memphis, world-famous for its many pyramids, including Pharaoh Djoser’s iconic step pyramid. This pattern is inspired by the breathtaking desert landscape and evokes the architectural rhythm of the pyramids through layered structures and rectangular forms. The velvety 3D textile gives the design a remarkably vibrant presence.",3D textile wallcovering on non-woven backing,Bister,,,,,https://edge.arte-international.com/media/3fcbf2c1-3615-4843-8247-af43458f3671/conversions/Memphis_Sakkara_23410_Roomshot_Web_LR-og.jpg,https://edge.arte-international.com/media/a580214f-25ff-472e-b88c-6a2bd8dfab64/conversions/Memphis_Sakkara_23410_Roomshot_Web_LR-medium-two-thirds.jpg,https://edge.arte-international.com/media/4e444754-6065-4010-b25f-38badbc6a9e1/conversions/Memphis_Sakkara_23411_Roomshot_Web_LR-medium-two-thirds.jpg,https://www.arte-international.com/en/collections/memphis/sakkara,2026-02-22T14:44:31.699985,2026-02-22T14:54:29.607327
23400,Amarna,Arte,wallpaper,APPROVED,"Amarna is a rich and lively design, loosely inspired by the organic layout of a bustling city. Named after the ancient Egyptian city surrounded by fertile valleys on the eastern bank of the Nile, it is crafted in a soft, luxurious 3D textile that enhances its dynamic, vibrant feel.",3D textile wallcovering on non-woven backing,Camel,,,,,https://edge.arte-international.com/media/c90bedc9-cabe-43a2-b1f7-a0d16734d665/conversions/Memphis_Amarna_23400_Roomshot_Web_LR-og.jpg,https://edge.arte-international.com/media/cc56d30c-5e1c-4b22-878e-b437681e6f1b/conversions/Memphis_Amarna_23400_Roomshot_Web_LR-medium-two-thirds.jpg,https://edge.arte-international.com/media/d6bc7e03-aec4-4ca6-baaf-ed262dab34d5/conversions/Memphis_Amarna_23402_Roomshot_Web_LR-medium-two-thirds.jpg,https://www.arte-international.com/en/collections/memphis/amarna,2026-02-22T14:44:37.878555,2026-02-22T14:54:20.192245
48641,Avra,Arte,wallpaper,APPROVED,"An aura, or ‘avra’ in Greek, is an invisible atmosphere or a feeling surrounding a person, place, or object. This design captures that very essence, with an aura-like effect that seems to float around the drawing. Printed onto a fine fil à fil textile, it uses a generous application of ink to create a design that seems to hover gently on the surface, resulting in an enchanting effect.",Textile wallcovering on non-woven backing,Eggshell,,,,,https://edge.arte-international.com/media/3af9c362-0fc7-4c37-81a8-a47d16cdcf0b/conversions/Zephyr_Avra_48641_Roomshot_Web_LR-og.jpg,https://edge.arte-international.com/media/a1a7c058-2ef1-4687-9fe3-889bae8fe7df/conversions/Zephyr_Avra_48641_Roomshot_Web_LR-medium-two-thirds.jpg,https://edge.arte-international.com/media/33eaf297-230c-4ede-a8c8-b9d94cd31c71/conversions/Zephyr_Avra_48642_Roomshot_Web_LR-medium-two-thirds.jpg,https://www.arte-international.com/en/collections/zephyr/avra,2026-02-22T14:44:44.704826,2026-02-22T14:54:13.496432
48652,Allagi,Arte,wallpaper,APPROVED,"A design created from genuine sisal, treated and printed to achieve a weathered surface with a strong patina effect. Allagi, meaning Greek for change or transformation, refers to the layered characteristics of this naturally beautiful design.",Natural wallcovering on non-woven backing,Oat,,,,,https://edge.arte-international.com/media/8bc080b3-eed2-49c3-88a3-65fd3a5e8b49/conversions/Zephyr_Allagi_48652_Roomshot_Web_LR-og.jpg,https://edge.arte-international.com/media/626e1831-f178-4fa7-9ee8-042c7cf0e4f3/conversions/Zephyr_Allagi_48652_Roomshot_Web_LR-medium-two-thirds.jpg,https://edge.arte-international.com/media/0f418607-4203-475e-8cbc-6910feb358a4/conversions/Zephyr_Allagi_48659_Roomshot_Web_LR-medium-two-thirds.jpg,https://www.arte-international.com/en/collections/zephyr/allagi,2026-02-22T14:44:51.972861,2026-02-22T14:54:02.230345
29224,Galon,Arte,wallpaper,APPROVED,"The Galon design draws inspiration from the upholstery of antique French sofas, often adorned with refined two-tone stripes. This motif is reinterpreted here in a velvet jacquard, shimmering with a sophisticated sheen. Its name references the French ‘galon,’ a decorative ribbon traditionally used to accentuate luxurious textile finishes.",Textile wallcovering on non-woven backing,Stone Terracotta,,,,,https://edge.arte-international.com/media/105e585c-3e33-426b-ae6e-7df7bf739b6a/conversions/Allures_Galon_29224_1_Roomshot_Web_LR-og.jpg,https://edge.arte-international.com/media/8571da7a-7bf9-4abc-adf0-76863cee5413/conversions/Allures_Galon9224_1_Roomshot_Web_LR-medium-two-thirds.jpg,https://edge.arte-international.com/media/4209b4e5-388a-44b5-90fc-7f8006b9b9b1/conversions/Allures_Galon9223_Roomshot_Web_LR-medium-two-thirds.jpg,https://www.arte-international.com/en/collections/allures/galon/29220,2026-02-22T15:04:16.762806,2026-02-22T15:04:58.906540
FAB-FAB-8099AEA2,Fabricut,Fabricut,fabric,APPROVED,Fabricut is one of the largest distributors of decorative fabrics and wholesale fabric. We are the brand designers depend on for everyday decorating.,,,,,,,,,,https://fabricut.com/sign-in,2026-02-22T17:03:17.033498,2026-02-22T17:06:03.736030
3170001,Wind Chime Matte Ocean,Fabricut,fabric,APPROVED,"Wind Chime Matte Ocean is a high-end contemporary fabric from S. Harris, featuring an exclusive print pattern with a large scale design. Made from 100% linen, it is suitable for bedding, drapery, and multipurpose uses. The fabric is reversible and meets fire safety codes UFAC Class I and NFPA 260. It is recommended for dry cleaning only.",100% Linen,"Blue, Metallic, Green",,,,Italy,https://s3.amazonaws.com/fabricut.img/img/product_images/2505101.jpg,https://s3.amazonaws.com/fabricut.img/img/product_images/thumbnails/2505102.jpg,,https://fabricut.com/sharris/fabric/3170001/wind-chime-matte/ocean,2026-02-22T17:03:24.131452,2026-02-22T17:06:03.736027
2505301,Wind Chime 01,Fabricut,fabric,APPROVED,"Wind Chime 01 is a high-end contemporary fabric from S. Harris, featuring an exclusive print pattern with a large scale design. Made from 100% linen, it is suitable for bedding, drapery, and multipurpose applications. The fabric is reversible and dry clean only, with a fire rating of UFAC Class I / NFPA 260.",100% Linen,"Blue, Metallic, Green",,,,Italy,https://s3.amazonaws.com/fabricut.img/img/product_images/2505101.jpg,https://s3.amazonaws.com/fabricut.img/img%2Fproduct_images%2Fsecondary_images%2F2505101.jpg,https://s3.amazonaws.com/fabricut.img/img%2Fproduct_images%2Fsecondary_images%2F2505101_stylized_secondary%403x.jpg,https://fabricut.com/sharris/fabric/2505301/wind-chime/01,2026-02-22T17:03:33.274177,2026-02-22T17:06:03.736008
3170201,Wind Chime Matte 01,Fabricut,fabric,APPROVED,"Wind Chime Matte 01 is a high-end contemporary fabric by S. Harris, featuring an exclusive pattern with a large scale abstract design. Made from 100% linen, it is suitable for bedding, drapery, and multipurpose applications. The fabric is reversible, dry clean only, and meets fire safety standards UFAC Class I / NFPA 260.",100% Linen,"Blue, Metallic, Green",,,,Italy,https://s3.amazonaws.com/fabricut.img/img/product_images/2505101.jpg,https://s3.amazonaws.com/fabricut.img/img/product_images/thumbnails/2505102.jpg,,https://fabricut.com/sharris/fabric/3170201/wind-chime-matte/01,2026-02-22T17:03:40.158938,2026-02-22T17:06:03.736028
2505101,Wind Chime Ocean,Fabricut,fabric,APPROVED,"Wind Chime Ocean is a high-end contemporary fabric from S. Harris, featuring an exclusive pattern with a large scale abstract design. Made from 100% linen, it is suitable for bedding, drapery, and multipurpose uses. The fabric is reversible and dry clean only, with fire codes UFAC Class I / NFPA 260 and exceeds 51,000 double rubs (Wyzenbeek Method).",100% Linen,"Blue, Metallic, Green",,,,Italy,https://s3.amazonaws.com/fabricut.img/img/product_images/2505101.jpg,https://s3.amazonaws.com/fabricut.img/img%2Fproduct_images%2Fsecondary_images%2F2505101.jpg,https://s3.amazonaws.com/fabricut.img/img%2Fproduct_images%2Fsecondary_images%2F2505101_stylized_secondary%403x.jpg,https://fabricut.com/sharris/fabric/2505101/wind-chime/ocean,2026-02-22T17:03:47.442311,2026-02-22T17:06:03.736006
2478811,Parallel Universe Raspberry,Fabricut,fabric,APPROVED,"Parallel Universe Raspberry is a high-end contemporary fabric from S. Harris, known for its innovative colors. This fabric is made from 53% Acrylic and 47% Polyester, with a weight of 31.54 ounces per linear yard. It is suitable for upholstery and features a texture plain design in a red color. The fabric is produced in Turkey and meets various standards including Oeko Tex Standard 100 and ISO 14001.","53% Acrylic, 47% Polyester",Red,,,,Turkey,https://s3.amazonaws.com/fabricut.img/img/product_images/2478811.jpg,https://s3.amazonaws.com/fabricut.img/img%2Fproduct_images%2Fsecondary_images%2F2478811_stylized_secondary.jpg,https://s3.amazonaws.com/fabricut.img/img%2Fproduct_images%2Fsecondary_images%2F2478811.jpg,https://fabricut.com/sharris/fabric/2478811/parallel-universe/raspberry,2026-02-22T17:03:55.422030,2026-02-22T17:06:03.735988
2478911,Parallel Universe 11,Fabricut,fabric,APPROVED,"Parallel Universe 11 is a high-end contemporary fabric from S. Harris, featuring a texture plain design in a modern style. It is made of 53% Acrylic and 47% Polyester, suitable for upholstery use. The fabric is durable, exceeding 51,000 double rubs (Wyzenbeek Method), and meets various fire and environmental standards.","53% Acrylic, 47% Polyester",Red,,,,Turkey,https://s3.amazonaws.com/fabricut.img/img/product_images/2478811.jpg,https://s3.amazonaws.com/fabricut.img/img%2Fproduct_images%2Fsecondary_images%2F2478811_stylized_secondary.jpg,https://s3.amazonaws.com/fabricut.img/img%2Fproduct_images%2Fsecondary_images%2F2478811.jpg,https://fabricut.com/sharris/fabric/2478911/parallel-universe/11,2026-02-22T17:04:01.773903,2026-02-22T17:06:03.736004
3156203,Elias Texture Sienna,Fabricut,fabric,APPROVED,"Elias Texture Sienna is a high-end contemporary fabric from S. Harris, known for its innovative colors and design. This fabric is suitable for upholstery and features a solid, textured plain design in orange/spice color. It is made in Italy and has a composition of 58% Acrylic, 12% Viscose, 12% Linen, 12% Cotton, and 6% Polyester.","58% Acrylic, 12% Viscose, 12% Linen, 12% Cotton, 6% Polyester",Orange / Spice,,,,Italy,https://s3.amazonaws.com/fabricut.img/img/product_images/3156203.jpg,https://s3.amazonaws.com/fabricut.img/img%2Fproduct_images%2Fsecondary_images%2F3156203.jpg,https://s3.amazonaws.com/fabricut.img/img%2Fproduct_images%2Fsecondary_images%2F3156203_stylized_secondary.jpg,https://fabricut.com/sharris/fabric/3156203/elias-texture/sienna,2026-02-22T17:04:08.321177,2026-02-22T17:06:03.736023
3156303,Elias Texture 03,Fabricut,fabric,APPROVED,"Elias Texture 03 is a high-end contemporary fabric from S. Harris, known for its innovative colors and solid texture. It is suitable for upholstery and features a composition of 58% Acrylic, 12% Viscose, 12% Linen, 12% Cotton, and 6% Polyester. The fabric is made in Italy and passes 30,000 Martindale Test and Ca Tb 117-2013.","58% Acrylic, 12% Viscose, 12% Linen, 12% Cotton, 6% Polyester",Orange / Spice,,,,Italy,https://s3.amazonaws.com/fabricut.img/img/product_images/3156203.jpg,https://s3.amazonaws.com/fabricut.img/img%2Fproduct_images%2Fsecondary_images%2F3156203.jpg,https://s3.amazonaws.com/fabricut.img/img%2Fproduct_images%2Fsecondary_images%2F3156203_stylized_secondary.jpg,https://fabricut.com/sharris/fabric/3156303/elias-texture/03,2026-02-22T17:04:15.677062,2026-02-22T17:06:03.736026
3156202,Elias Texture Grey,Fabricut,fabric,APPROVED,"Elias Texture Grey is a high-end contemporary fabric from S. Harris, known for its innovative colors and design. This fabric is suitable for upholstery and features a solid, texture plain design. It is made in Italy and passes 30,000 Martindale test, ensuring durability.","58% Acrylic, 12% Viscose, 12% Linen, 12% Cotton, 6% Polyester",Grey,,,,Italy,https://s3.amazonaws.com/fabricut.img/img/product_images/3156202.jpg,https://s3.amazonaws.com/fabricut.img/img%2Fproduct_images%2Fsecondary_images%2F3156202.jpg,https://s3.amazonaws.com/fabricut.img/img%2Fproduct_images%2Fsecondary_images%2F3156202_stylized_secondary.jpg,https://fabricut.com/sharris/fabric/3156202/elias-texture/grey,2026-02-22T17:04:23.759240,2026-02-22T17:06:03.736021
3156302,Elias Texture 02,Fabricut,fabric,APPROVED,"Elias Texture 02 is a high-end contemporary fabric from S. Harris, known for its innovative colors and design. This fabric is suitable for upholstery and features a solid, texture plain design in grey. It is made in Italy and has a composition of 58% Acrylic, 12% Viscose, 12% Linen, 12% Cotton, and 6% Polyester. The fabric exceeds 51,000 double rubs (Wyzenbeek Method) and passes 30,000 Martindale Test, Ca Tb 117-2013.","58% Acrylic, 12% Viscose, 12% Linen, 12% Cotton, 6% Polyester",Grey,,,,Italy,https://s3.amazonaws.com/fabricut.img/img/product_images/3156202.jpg,https://s3.amazonaws.com/fabricut.img/img%2Fproduct_images%2Fsecondary_images%2F3156202.jpg,https://s3.amazonaws.com/fabricut.img/img%2Fproduct_images%2Fsecondary_images%2F3156202_stylized_secondary.jpg,https://fabricut.com/sharris/fabric/3156302/elias-texture/02,2026-02-22T17:04:31.033366,2026-02-22T17:06:03.736025
3156201,Elias Texture Sage,Fabricut,fabric,APPROVED,"Elias Texture Sage is a high-end contemporary fabric from S. Harris, featuring a solid texture plain design in light green. It is suitable for upholstery and exceeds 51,000 double rubs, ensuring durability. The fabric is composed of 58% Acrylic, 12% Viscose, 12% Linen, 12% Cotton, and 6% Polyester, with a weight of 31.99 ounces per linear yard. It is made in Italy and passes the 30,000 Martindale test and CA TB 117-2013 fire rating.","58% Acrylic, 12% Viscose, 12% Linen, 12% Cotton, 6% Polyester",Light Green,,,,Italy,https://s3.amazonaws.com/fabricut.img/img/product_images/3156201.jpg,https://s3.amazonaws.com/fabricut.img/img%2Fproduct_images%2Fsecondary_images%2F3156201.jpg,https://s3.amazonaws.com/fabricut.img/img%2Fproduct_images%2Fsecondary_images%2F3156201_stylized_secondary.jpg,https://fabricut.com/sharris/fabric/3156201/elias-texture/sage,2026-02-22T17:04:38.401517,2026-02-22T17:06:03.736018
3156301,Elias Texture 01,Fabricut,fabric,APPROVED,"Elias Texture 01 by S. Harris is a high-end contemporary fabric featuring a solid, textured plain design. It is made in Italy and is suitable for upholstery. The fabric is composed of 58% Acrylic, 12% Viscose, 12% Linen, 12% Cotton, and 6% Polyester, with a weight of 31.99 ounces per linear yard. It exceeds 51,000 double rubs (Wyzenbeek Method) and passes 30,000 Martindale Test, Ca Tb 117-2013.","58% Acrylic, 12% Viscose, 12% Linen, 12% Cotton, 6% Polyester",Light Green,,,,Italy,https://s3.amazonaws.com/fabricut.img/img/product_images/3156201.jpg,https://s3.amazonaws.com/fabricut.img/img%2Fproduct_images%2Fsecondary_images%2F3156201.jpg,https://s3.amazonaws.com/fabricut.img/img%2Fproduct_images%2Fsecondary_images%2F3156201_stylized_secondary.jpg,https://fabricut.com/sharris/fabric/3156301/elias-texture/01,2026-02-22T17:04:44.860691,2026-02-22T17:06:03.736024
3015204,Lyra Navy,Fabricut,fabric,APPROVED,"Lyra Navy is a high-end contemporary fabric from S. Harris, featuring a soil and stain repellent finish. It is made from 100% solution dye acrylic, making it easy to clean and suitable for both indoor and outdoor use. The fabric is bleach cleanable, mildew resistant, and meets the Oeko Tex Standard 100. It also boasts 2,200 hours of light fastness and exceeds 42,000 double rubs, ensuring durability.",100% Solution Dye Acrylic,"Blue, Navy",,,,Mexico,https://s3.amazonaws.com/fabricut.img/img/product_images/3015204.jpg,https://s3.amazonaws.com/fabricut.img/img%2Fproduct_images%2Fsecondary_images%2F3015204%402x.jpg,https://s3.amazonaws.com/fabricut.img/img%2Fproduct_images%2Fsecondary_images%2F3015204_stylized_secondary.jpg,https://fabricut.com/sharris/fabric/3015204/lyra/navy,2026-02-22T17:04:52.330921,2026-02-22T17:06:03.736013
3015304,Lyra 04,Fabricut,fabric,APPROVED,"Lyra 04 is a high-end contemporary fabric from S. Harris, known for its innovative colors and design. This fabric is made of 100% Solution Dye Acrylic, featuring a soil and stain repellent finish. It is bleach cleanable, mildew resistant, and suitable for both indoor and outdoor use. The fabric exceeds 42,000 double rubs, ensuring durability.",100% Solution Dye Acrylic,"Blue, Navy",,,,Mexico,https://s3.amazonaws.com/fabricut.img/img/product_images/3015204.jpg,https://s3.amazonaws.com/fabricut.img/img%2Fproduct_images%2Fsecondary_images%2F3015204%402x.jpg,https://s3.amazonaws.com/fabricut.img/img%2Fproduct_images%2Fsecondary_images%2F3015204_stylized_secondary.jpg,https://fabricut.com/sharris/fabric/3015304/lyra/04,2026-02-22T17:04:58.822387,2026-02-22T17:06:03.736017
3015203,Lyra Vapor,Fabricut,fabric,APPROVED,"Lyra Vapor is a high-end contemporary fabric from S. Harris, known for its innovative colors and design. This fabric is made of 100% Solution Dye Acrylic, featuring a soil and stain repellent finish. It is bleach cleanable, mildew resistant, and suitable for indoor and outdoor use. The fabric exceeds 42,000 double rubs, ensuring durability, and is Oeko Tex Standard 100 certified.",100% Solution Dye Acrylic,Grey,,,,Mexico,https://s3.amazonaws.com/fabricut.img/img/product_images/3015203.jpg,https://s3.amazonaws.com/fabricut.img/img%2Fproduct_images%2Fsecondary_images%2F3015203%402x.jpg,https://s3.amazonaws.com/fabricut.img/img%2Fproduct_images%2Fsecondary_images%2F3015203_stylized_secondary.jpg,https://fabricut.com/sharris/fabric/3015203/lyra/vapor,2026-02-22T17:05:05.341053,2026-02-22T17:06:03.736012
3015303,Lyra 03,Fabricut,fabric,APPROVED,"Lyra 03 is a high-end contemporary fabric from S. Harris, featuring a texture plain design in grey. It is made of 100% solution dye acrylic with a soil and stain repellent finish. The fabric is bleach cleanable, mildew resistant, and suitable for indoor and outdoor use. It exceeds 42,000 double rubs (Wyzenbeek Method) and is Oeko Tex Standard 100 certified.",100% Solution Dye Acrylic,Grey,,,,Mexico,https://s3.amazonaws.com/fabricut.img/img/product_images/3015203.jpg,https://s3.amazonaws.com/fabricut.img/img%2Fproduct_images%2Fsecondary_images%2F3015203%402x.jpg,https://s3.amazonaws.com/fabricut.img/img%2Fproduct_images%2Fsecondary_images%2F3015203_stylized_secondary.jpg,https://fabricut.com/sharris/fabric/3015303/lyra/03,2026-02-22T17:05:13.940452,2026-02-22T17:06:03.736015
3015202,Lyra Ash,Fabricut,fabric,APPROVED,"Lyra Ash is a high-end contemporary fabric from S. Harris, featuring a soil and stain repellent finish. It is made of 100% solution dye acrylic, making it bleach cleanable, mildew resistant, and suitable for indoor and outdoor use. The fabric is eco-friendly, meeting the Oeko Tex Standard 100, and offers 2,200 hours of light fastness.",100% Solution Dye Acrylic,"Grey, Linen",,,,Mexico,https://s3.amazonaws.com/fabricut.img/img/product_images/3015202.jpg,https://s3.amazonaws.com/fabricut.img/img%2Fproduct_images%2Fsecondary_images%2F3015202%402x.jpg,https://s3.amazonaws.com/fabricut.img/img%2Fproduct_images%2Fsecondary_images%2F3015202_stylized_secondary.jpg,https://fabricut.com/sharris/fabric/3015202/lyra/ash,2026-02-22T17:05:26.026926,2026-02-22T17:06:03.736011
3015302,Lyra 02,Fabricut,fabric,APPROVED,"Lyra 02 is a high-end contemporary fabric from S. Harris, featuring a texture plain design. It is made of 100% solution dye acrylic, with a soil and stain repellent finish. The fabric is bleach cleanable, mildew resistant, and suitable for indoor and outdoor use. It exceeds 42,000 double rubs, ensuring durability.",100% Solution Dye Acrylic,"Grey, Linen",,,,Mexico,https://s3.amazonaws.com/fabricut.img/img/product_images/3015202.jpg,https://s3.amazonaws.com/fabricut.img/img%2Fproduct_images%2Fsecondary_images%2F3015202%402x.jpg,https://s3.amazonaws.com/fabricut.img/img%2Fproduct_images%2Fsecondary_images%2F3015202_stylized_secondary.jpg,https://fabricut.com/sharris/fabric/3015302/lyra/02,2026-02-22T17:05:32.553046,2026-02-22T17:06:03.736014
3015201,Lyra Ecru,Fabricut,fabric,APPROVED,"Lyra Ecru is a high-end contemporary fabric from S. Harris, known for its innovative colors and design. It features a soil and stain repellent finish, is Pfas-Free, easy to clean, Oeko Tex Standard 100 certified, mildew resistant, suitable for indoor and outdoor use, and bleach cleanable. It also offers 2,200 hours of light fastness.",100% Solution Dye Acrylic,"Grey, Beige",,,,Mexico,https://s3.amazonaws.com/fabricut.img/img/product_images/3015201.jpg,https://s3.amazonaws.com/fabricut.img/img%2Fproduct_images%2Fsecondary_images%2F3015201.jpg,https://s3.amazonaws.com/fabricut.img/img%2Fproduct_images%2Fsecondary_images%2F3015201_stylized_secondary%403x.jpg,https://fabricut.com/sharris/fabric/3015201/lyra/ecru,2026-02-22T17:05:40.015169,2026-02-22T17:06:03.736010
